"ID","Coefficient..as.reported.in.the.article.","Standard.error..as.reported.in.the.article.","t.value...z.value..as.reported.in.the.article.","Lower.derounding.bound.of.t.value..this.is.the.smallest.t.value.consistent.with.the.reported.statistical.values..rounded.to.6.decimal.places.","Upper.derounding.bound.of.t.value..this.is.the.largest.t.value.consistent.with.the.reported.statistical.values..rounded.to.6.decimal.places.","Type.of.test..as.reported.in.the.article.","p.value.interval.as.implied.by.reported.statistical.values...this.is.the.p.value.interval.corresponding.to.the.lower.and.upper.derounding.bound.of.the.t.value.and.the.type.of.test..using.the.standard.normal.distribution.and.rounded.to.6.decimal.places.","p.value.interval.as.reported.by.means.of.eye.catchers","Error.in.coefficient","Error.in.standard.error","Error.in.t.value...z.value","Error.in.p.value","Error.in.eye.catcher","There.is.no.reporting.error","I.don.t.know","Error.occurred.while.transferring.results.from.statistical.software.to.Word..Latex.etc.","Error.occurred.while.updating.tables.during.the.research...review.process","Error.occured.in.typesetting.by.the.publisher.and.remained.undetected.in.proofreading","Reporting.error.is.falsely.diagnosed.due.to.low.degrees.of.freedom.of.the.corresponding.test..algorithm.to.detect.reporting.errors.relies.on.critical.values.of.the.standard.normal.distribution.","I.don.t.know.1","Other.reason","error_id","paper_id","our_comment"
1,-0.055,0.027,NA,1.981818,2.09434,"two sided","0.036230 < p < 0.047500","0.05 < p < 0.1",NA,NA,NA,NA,1,NA,NA,1,NA,NA,NA,NA,NA,"2.0828n1_1_4_0.75_0.75","8n9.511",NA
2,0.056,0.019,NA,2.846154,3.054054,"two sided","0.002258 < p < 0.004425","0.1 < p < 1",NA,NA,NA,NA,1,NA,NA,1,NA,NA,NA,NA,NA,"2.9468n1_1_5_0.25_0.75","8n9.511",NA
3,1.077,0.635,NA,1.693942,1.698188,"two sided","0.089472 < p < 0.090276","0.1 < p < 1",NA,NA,NA,NA,NA,1,NA,NA,NA,NA,NA,NA,NA,"1.7948n1_1_5_0.25_2","8n9.511","low df"
4,-0.071,0.024,NA,2.877551,3.042553,"two sided","0.002346 < p < 0.004008","0.1 < p < 1",NA,NA,NA,NA,1,NA,NA,1,NA,NA,NA,NA,NA,"2.9788n1_1_5_2.5_0.75","8n9.511",NA
5,0.09,0.036,NA,2.452055,2.549296,"two sided","0.010794 < p < 0.014204","0 < p < 0.01",NA,NA,NA,NA,1,NA,NA,1,NA,NA,NA,NA,NA,"2.5528n1_1_5_3.25_1","8n9.511",NA
6,-0.071,0.024,NA,2.877551,3.042553,"two sided","0.002346 < p < 0.004008","0.1 < p < 1",NA,NA,NA,NA,1,NA,NA,1,NA,NA,NA,NA,NA,"2.9788n1_1_5_0.75_0.75","8n9.511",NA
7,0.09,0.036,NA,2.452055,2.549296,"two sided","0.010794 < p < 0.014204","0 < p < 0.01",NA,NA,NA,NA,1,NA,NA,1,NA,NA,NA,NA,NA,"2.5528n1_1_5_1_1","8n9.511",NA
8,0.056,0.019,NA,2.846154,3.054054,"two sided","0.002258 < p < 0.004425","0.1 < p < 1",NA,NA,NA,NA,1,NA,NA,1,NA,NA,NA,NA,NA,"2.9468n1_1_5_2_0.75","8n9.511",NA
9,1.077,0.635,NA,1.693942,1.698188,"two sided","0.089472 < p < 0.090276","0.1 < p < 1",NA,NA,NA,NA,NA,1,NA,NA,NA,NA,NA,NA,NA,"1.7948n1_1_5_2_2","8n9.511","low df"
10,0.133,0.058,NA,2.264957,2.321739,"two sided","0.020247 < p < 0.023515","0 < p < 0.01",NA,NA,NA,NA,1,NA,NA,1,NA,NA,NA,NA,NA,"2.3658n1_1_5_2.25_0.75","8n9.511",NA
11,0.767,0.423,NA,1.809917,1.816568,"two sided","0.069283 < p < 0.070309","0.01 < p < 0.05",NA,NA,NA,NA,1,NA,NA,1,NA,NA,NA,NA,NA,"1.918n1_1_9_0.25_0.5","8n9.511",NA
12,-10.577,6.44,NA,1.64104,1.643745,"two sided","0.100229 < p < 0.100789","0.05 < p < 0.1",NA,NA,NA,NA,NA,1,NA,NA,NA,NA,NA,NA,NA,"1.7418n1_1_9_0.25_1","8n9.511","implausible answer"
1,-0.2127,0.152,NA,1.394426,1.40429,"two sided","0.160232 < p < 0.163189","0 < p < 0.01",NA,NA,NA,NA,1,NA,NA,NA,1,NA,NA,NA,NA,"1.4947k1_0_1_0.5_0.25","7k1.4000000000000110",NA
2,-0.0067,0.0029,NA,2.254237,2.368421,"two sided","0.017864 < p < 0.024181","0 < p < 0.01",NA,NA,NA,NA,1,NA,NA,NA,1,NA,NA,NA,NA,"2.3547k1_0_2_0.75_0.5","7k1.4000000000000110",NA
3,-0.1103,0.0517,NA,2.130435,2.136496,"two sided","0.032639 < p < 0.033136","0 < p < 0.01",NA,NA,NA,NA,1,NA,NA,NA,1,NA,NA,NA,NA,"2.237k1_0_4_1.25_0.25","7k1.4000000000000110",NA
1,0.167,0.128,NA,1.29572,1.313725,"two sided","0.188939 < p < 0.195072","0.05 < p < 0.1",NA,NA,NA,NA,NA,NA,NA,NA,NA,1,NA,NA,NA,"1.39614u1_4_4_1.75_0.5","14u6.2119","misalignment"
2,0.126,0.086,NA,1.450867,1.479532,"two sided","0.138998 < p < 0.146817","0.01 < p < 0.05",NA,NA,NA,NA,NA,NA,NA,NA,NA,1,NA,NA,NA,"1.55114u1_4_4_1.75_1.75","14u6.2119","misalignment"
3,0.192,0.115,NA,1.658009,1.681223,"two sided","0.092720 < p < 0.097316","0.1 < p < 1",NA,NA,NA,NA,NA,NA,NA,NA,NA,1,NA,NA,NA,"1.75814u1_4_4_2_0.75","14u6.2119","misalignment"
4,0.214,0.104,NA,2.043062,2.072464,"two sided","0.038222 < p < 0.041046","0.05 < p < 0.1",NA,NA,NA,NA,NA,NA,NA,NA,NA,1,NA,NA,NA,"2.14314u1_4_4_2_1","14u6.2119","misalignment"
5,0.108,0.094,NA,1.137566,1.160428,"two sided","0.245875 < p < 0.255302","0.05 < p < 0.1",NA,NA,NA,NA,NA,NA,NA,NA,NA,1,NA,NA,NA,"1.23814u1_4_4_2_1.75","14u6.2119","misalignment"
6,0.15,0.085,NA,1.748538,1.781065,"two sided","0.074902 < p < 0.080371","0.1 < p < 1",NA,NA,NA,NA,NA,NA,NA,NA,NA,1,NA,NA,NA,"1.84914u1_4_4_2_2.25","14u6.2119","misalignment"
1,NA,NA,0.695,0.6945,0.6955,"two sided","0.486742 < p < 0.487369","0 < p < 0.01",NA,NA,NA,NA,NA,1,NA,NA,NA,NA,NA,NA,NA,"0.7955d0_1_7_0.5_1","5d5.0999999999999906","implausible answer"
1,0.801,0.49,NA,1.632008,1.637385,"two sided","0.101550 < p < 0.102678","0.05 < p < 0.1",NA,NA,NA,NA,1,NA,NA,NA,NA,NA,NA,1,NA,"1.73210y3_1_4_1_1","10y3.3311",NA
2,0.189,0.078,NA,2.401274,2.445161,"two sided","0.014479 < p < 0.016338","0 < p < 0.01",NA,NA,NA,NA,1,NA,NA,NA,NA,NA,NA,1,NA,"2.50110y3_1_4_1.75_2","10y3.3311",NA
3,0.128,0.053,NA,2.383178,2.447619,"two sided","0.014380 < p < 0.017164","0 < p < 0.01",NA,NA,NA,NA,1,NA,NA,NA,NA,NA,NA,1,NA,"2.48310y3_1_7_0.5_1","10y3.3311",NA
4,-0.16,0.093,NA,1.705882,1.735135,"two sided","0.082717 < p < 0.088030","0.1 < p < 1",NA,NA,NA,NA,1,NA,NA,NA,NA,NA,NA,1,NA,"1.80610y3_1_7_1_1","10y3.3311",NA
1,15.8,9.7,NA,1.615385,1.642487,"two sided","0.100489 < p < 0.106227","0.05 < p < 0.1",NA,NA,NA,NA,NA,1,NA,NA,NA,NA,1,NA,NA,"1.7157l2_1_A_1_0.5_0.25","7l5.5999999999999926","author: low df;implausible answer"
1,0.43,0.27,NA,1.545455,1.641509,"two sided","0.100692 < p < 0.122236","0.05 < p < 0.1",NA,NA,NA,NA,NA,NA,1,1,NA,NA,NA,NA,NA,"1.6459i4_1_2_0.5_0.75","9i9.0999999999999946",NA
1,NA,NA,1.7,1.65,1.75,"two sided","0.080118 < p < 0.098943","0.01 < p < 0.05",NA,NA,NA,NA,NA,1,NA,NA,NA,NA,NA,NA,NA,"1.7510a0_3_7_1.5_0.5","10a0.508","implausible answer"
2,NA,NA,1.65,1.645,1.655,"two sided","0.097924 < p < 0.099970","0.01 < p < 0.05",NA,NA,NA,NA,NA,1,NA,NA,NA,NA,NA,NA,NA,"1.74510a0_3_7_1.75_0.5","10a0.508","implausible answer"
3,NA,NA,1.68,1.675,1.685,"two sided","0.091989 < p < 0.093934","0.01 < p < 0.05",NA,NA,NA,NA,NA,1,NA,NA,NA,NA,NA,NA,NA,"1.77510a0_3_7_1.75_0.75","10a0.508","implausible answer"
1,1.498,0.546,NA,2.740165,2.747021,"two sided","0.006014 < p < 0.006141","0.01 < p < 0.05",NA,NA,NA,NA,NA,1,NA,NA,NA,NA,1,NA,NA,"2.846f1_3_10_0.25_1.25","6f1.513","author: low df"
2,1.478,0.556,NA,2.654987,2.661566,"two sided","0.007778 < p < 0.007931","0.01 < p < 0.05",NA,NA,NA,NA,NA,1,NA,NA,NA,NA,1,NA,NA,"2.7556f1_3_10_0.25_1.5","6f1.513","author: low df"
3,3.133,1.55,NA,2.014469,2.028155,"two sided","0.042544 < p < 0.043960","0.05 < p < 0.1",NA,NA,NA,NA,NA,1,NA,NA,NA,NA,1,NA,NA,"2.1146f1_3_11_0.25_0.5","6f1.513","author: low df"
4,0.681,0.255,NA,2.663405,2.6778,"two sided","0.007411 < p < 0.007735","0.01 < p < 0.05",NA,NA,NA,NA,NA,1,NA,NA,NA,NA,1,NA,NA,"2.7636f1_3_5_0.5_1.5","6f1.513","author: low df"
5,0.143,0.068,NA,2.080292,2.125926,"two sided","0.033509 < p < 0.037499","0.05 < p < 0.1",NA,NA,NA,NA,NA,1,NA,NA,NA,NA,1,NA,NA,"2.186f1_3_6_0.25_1.25","6f1.513","author: low df"
6,-0.045,0.022,NA,1.977778,2.116279,"two sided","0.034321 < p < 0.047954","0.05 < p < 0.1",NA,NA,NA,NA,NA,1,NA,NA,NA,NA,1,NA,NA,"2.0786f1_3_6_0.5_0.5","6f1.513","author: low df"
1,-0.5484,0.3203,NA,1.711722,1.712568,"two sided","0.086792 < p < 0.086948","0.1 < p < 1",NA,NA,NA,NA,NA,1,NA,NA,NA,NA,NA,NA,NA,"1.8125y2_2_5_1_1.5","5y5.327","implausible answer"
1,-0.4908,0.235,NA,2.083864,2.093177,"two sided","0.036333 < p < 0.037173","0.1 < p < 1",NA,NA,NA,NA,NA,NA,1,NA,NA,NA,NA,1,NA,"2.1847l1_3_5_C_2_3.75_1.25","7l1.40000000000001118",NA
2,0.1408,0.1045,NA,1.346246,1.348492,"two sided","0.177500 < p < 0.178223","0 < p < 0.01",NA,NA,NA,NA,NA,NA,1,NA,NA,NA,NA,1,NA,"1.4467l1_3_5_C_2_1.5_0.5","7l1.40000000000001118",NA
3,-0.1715,0.0631,NA,2.714964,2.720856,"two sided","0.006511 < p < 0.006628","0.01 < p < 0.05",NA,NA,NA,NA,NA,NA,1,NA,NA,NA,NA,1,NA,"2.8157l1_3_5_C_2_2.25_1.5","7l1.40000000000001118",NA
4,0.9875,0.3683,NA,2.680738,2.681738,"two sided","0.007324 < p < 0.007346","0.01 < p < 0.05",NA,NA,NA,NA,NA,NA,1,NA,NA,NA,NA,1,NA,"2.7817l1_3_6_1_1.75_1.75","7l1.40000000000001118",NA
5,-0.1385,0.0495,NA,2.794147,2.80182,"two sided","0.005082 < p < 0.005204","0.01 < p < 0.05",NA,NA,NA,NA,NA,NA,1,NA,NA,NA,NA,1,NA,"2.8947l1_3_6_1_2_1.5","7l1.40000000000001118",NA
1,0.484,0.194,NA,2.485861,2.503876,"two sided","0.012284 < p < 0.012924","0 < p < 0.01",NA,NA,NA,NA,NA,1,NA,NA,NA,NA,NA,NA,NA,"2.5865r3_4_4_2.75_0.75","5r6.4000000000000139","coding error by us"
2,-1.431,0.599,NA,2.386155,2.391813,"two sided","0.016765 < p < 0.017026","0 < p < 0.01",NA,NA,NA,NA,1,NA,NA,1,NA,NA,NA,NA,NA,"2.4865r3_4_4_3.5_1.5","5r6.4000000000000139",NA
1,0.353,0.124,NA,2.831325,2.862348,"two sided","0.004205 < p < 0.004636","0.01 < p < 0.05",NA,NA,NA,NA,1,NA,NA,NA,1,NA,NA,NA,NA,"2.9316d3_2_3_0.25_1.25","6d8.5317",NA
2,-0.278,0.986,NA,0.281298,0.282598,"two sided","0.777485 < p < 0.778482","0 < p < 0.01",NA,1,NA,NA,NA,NA,NA,NA,NA,1,NA,NA,NA,"0.3816d3_2_3_0.5_0.75","6d8.5317",NA
3,0.364,0.112,NA,3.231111,3.269058,"two sided","0.001079 < p < 0.001233","0.01 < p < 0.05",NA,NA,NA,NA,1,NA,NA,NA,1,NA,NA,NA,NA,"3.3316d3_2_3_1_1.5","6d8.5317",NA
4,-0.142,0.008,NA,16.647059,19,"two sided","0.000000 < p < 0.000001","0.05 < p < 0.1",NA,NA,NA,NA,1,NA,NA,NA,1,NA,NA,NA,NA,"16.7476d3_2_6_1_8.75","6d8.5317",NA
1,0.194,0.082,NA,2.345455,2.386503,"two sided","0.017009 < p < 0.019004","0 < p < 0.01",NA,NA,NA,NA,NA,NA,1,NA,NA,NA,NA,1,NA,"2.4458a2_4_3_0.25_1","8a2.229",NA
2,0.195,0.095,NA,2.036649,2.068783,"two sided","0.038566 < p < 0.041685","0 < p < 0.01",NA,NA,NA,NA,NA,NA,1,NA,NA,NA,NA,1,NA,"2.1378a2_4_3_0.25_1.25","8a2.229",NA
1,0.109,0.063,NA,1.708661,1.752,"two sided","0.079774 < p < 0.087514","0.1 < p < 1",NA,NA,NA,NA,1,NA,NA,NA,NA,NA,NA,NA,1,"1.8098e0_0_5_0.25_0.75","8e5.40000000000001010",NA
2,0.693,0.112,NA,6.155556,6.219731,"two sided","0.000000 < p < 0.000001","0.01 < p < 0.05",NA,NA,NA,NA,1,NA,NA,NA,NA,NA,NA,NA,1,"6.2568e0_0_5_0.5_0.25","8e5.40000000000001010",NA
3,0.439,0.096,NA,4.544041,4.602094,"two sided","0.000004 < p < 0.000006","0.01 < p < 0.05",NA,NA,NA,NA,1,NA,NA,NA,NA,NA,NA,NA,1,"4.6448e0_0_5_0.5_0.5","8e5.40000000000001010",NA
4,0.435,0.117,NA,3.697872,3.738197,"two sided","0.000185 < p < 0.000217","0.01 < p < 0.05",NA,NA,NA,NA,1,NA,NA,NA,NA,NA,NA,NA,1,"3.7988e0_0_5_0.5_0.75","8e5.40000000000001010",NA
5,0.007,0.001,NA,4.333333,15,"two sided","0.000000 < p < 0.000015","0.01 < p < 0.05",NA,NA,NA,NA,1,NA,NA,NA,NA,NA,NA,NA,1,"4.4338e0_0_5_0.75_0.25","8e5.40000000000001010",NA
6,4.274,1.122,NA,3.807127,3.811413,"two sided","0.000138 < p < 0.000141","0.01 < p < 0.05",NA,NA,NA,NA,1,NA,NA,NA,NA,NA,NA,NA,1,"3.9078e0_0_5_1_0.25","8e5.40000000000001010",NA
7,0.58,0.063,NA,9.055118,9.36,"two sided","0.000000 < p < 0.000001","0.01 < p < 0.05",NA,NA,NA,NA,1,NA,NA,NA,NA,NA,NA,NA,1,"9.1558e0_0_5_1_0.5","8e5.40000000000001010",NA
8,0.618,0.07,NA,8.233333,9.515385,"two sided","0.000000 < p < 0.000001","0.01 < p < 0.05",NA,NA,NA,NA,1,NA,NA,NA,NA,NA,NA,NA,1,"8.3338e0_0_5_1_0.75","8e5.40000000000001010",NA
9,0.0524,0.019,NA,2.684615,2.835135,"two sided","0.004581 < p < 0.007261","0.01 < p < 0.05",NA,NA,NA,NA,1,NA,NA,1,NA,NA,NA,NA,NA,"2.7858e0_0_7_D_0.25_0.25","8e5.40000000000001010",NA
1,-0.79,0.41,NA,1.891566,1.962963,"two sided","0.049650 < p < 0.058549","0 < p < 0.01",NA,NA,NA,NA,1,NA,NA,1,NA,NA,NA,NA,NA,"1.9925o0_1_4_0.5_0.75","5o0.400000000000006011",NA
2,0.26,0.16,NA,1.545455,1.709677,"two sided","0.087326 < p < 0.122236","0.01 < p < 0.05",NA,NA,NA,NA,1,NA,NA,1,NA,NA,NA,NA,NA,"1.6455o1_1_3_1_1.25","5o6.09999999999999111",NA
1,-0.039,0.014,NA,2.655172,2.925926,"two sided","0.003434 < p < 0.007927","0.01 < p < 0.05",NA,NA,NA,NA,1,NA,NA,NA,NA,NA,NA,1,NA,"2.7559w2_0_5_0.5_0.5","9w2.2215",NA
1,-0.3272,0.1796,NA,1.821041,1.822612,"two sided","0.068362 < p < 0.068601","0.1 < p < 1",NA,NA,NA,NA,1,NA,NA,NA,NA,NA,NA,NA,1,"1.9218n0_3_2_0.5_0.5","8n0.400000000000006013",NA
1,0.543,0.208,NA,2.601918,2.619277,"two sided","0.008812 < p < 0.009270","0.01 < p < 0.05",NA,NA,NA,NA,NA,1,NA,NA,NA,NA,1,NA,NA,"2.7026n1_1_3_2.5_1.25","6n9.4000000000000116","author: low df"
2,-0.783,0.475,NA,1.645636,1.651212,"two sided","0.098695 < p < 0.099839","0.1 < p < 1",NA,NA,NA,NA,NA,1,NA,NA,NA,NA,1,NA,NA,"1.7466n1_1_3_3_1.5","6n9.4000000000000116","author: low df"
3,-0.1345,0.0094,NA,14.227513,14.390374,"two sided","0.000000 < p < 0.000001","0.1 < p < 1",1,NA,NA,NA,NA,NA,NA,1,NA,NA,NA,NA,NA,"14.3286n1_1_B_1_0.25_1.25","6n9.4000000000000116",NA
4,-0.0053,0.0031,NA,1.666667,1.754098,"two sided","0.079414 < p < 0.095581","0.1 < p < 1",NA,NA,NA,NA,1,NA,NA,1,NA,NA,NA,NA,NA,"1.7676n1_1_B_2_0.25_1.75","6n9.4000000000000116",NA
1,0.002,0.0049,NA,0.30303,0.515464,"two sided","0.606229 < p < 0.761867","0 < p < 0.01",NA,NA,NA,NA,1,NA,NA,1,NA,NA,NA,NA,NA,"0.4037d0_0_7_0.25_1.25","7d0.0999999999999943010",NA
2,0.0026,0.0049,NA,0.515152,0.546392,"two sided","0.584797 < p < 0.606447","0 < p < 0.01",NA,NA,NA,NA,1,NA,NA,1,NA,NA,NA,NA,NA,"0.6157d0_0_7_0.25_1.5","7d0.0999999999999943010",NA
1,-119.29,39.54,NA,3.016437,3.017453,"two sided","0.002549 < p < 0.002558","0.05 < p < 0.1",NA,NA,NA,NA,1,NA,NA,NA,1,NA,NA,NA,NA,"3.1167s4_3_3_B_1_0.75","7s7.3413",NA
2,0.025,0.005,NA,4.454545,5.666667,"two sided","0.000000 < p < 0.000008","0.15 < p < 1",NA,NA,NA,NA,1,NA,NA,NA,1,NA,NA,NA,NA,"4.5557s4_3_6_0.5_0.75","7s7.3413",NA
3,-0.179,0.078,NA,2.273885,2.316129,"two sided","0.020551 < p < 0.022973","0.15 < p < 1",NA,NA,NA,NA,1,NA,NA,NA,1,NA,NA,NA,NA,"2.3747s4_3_6_1.5_0.5","7s7.3413",NA
4,0.458,0.217,NA,2.103448,2.117783,"two sided","0.034193 < p < 0.035427","0.05 < p < 0.1",NA,NA,NA,NA,NA,NA,1,NA,NA,NA,NA,1,NA,"2.2037s4_3_6_2.25_0.5","7s7.3413",NA
5,0.004,0.005,NA,0.636364,1,"two sided","0.317311 < p < 0.524539","0 < p < 0.05",NA,NA,NA,NA,NA,NA,1,NA,NA,NA,NA,1,NA,"0.7367s4_3_B_2_A_2_0.5","7s7.3413",NA
6,0.481,0.212,NA,2.261176,2.276596,"two sided","0.022810 < p < 0.023748","0.05 < p < 0.1",NA,NA,NA,NA,NA,NA,1,NA,NA,NA,NA,1,NA,"2.3617s4_3_B_3_A_2_0.25","7s7.3413","low df"
7,0.51,0.224,NA,2.269488,2.284116,"two sided","0.022365 < p < 0.023239","0.05 < p < 0.1",NA,NA,NA,NA,NA,NA,1,NA,NA,NA,NA,1,NA,"2.3697s4_3_B_3_B_2_0.25","7s7.3413","low df"
8,0.044,0.187,NA,0.232,0.238606,"two sided","0.811411 < p < 0.816538","0 < p < 0.05",1,NA,NA,NA,NA,NA,NA,NA,NA,1,NA,NA,NA,"0.3327s4_3_B_3_B_2.25_0.25","7s7.3413",NA
15,-2.3,1.2,NA,1.904564,1.92887,"one sided","0.026873 < p < 0.028418","0.05 < p < 1",NA,NA,NA,NA,1,NA,NA,1,NA,NA,NA,NA,NA,"2.0055n4_2_4_0.5_0.75","5n4.09999999999999417",NA
1,-0.005,0.002,NA,1.8,3.666667,"two sided","0.000246 < p < 0.071861","0.1 < p < 1",NA,NA,NA,NA,1,NA,NA,NA,NA,NA,NA,1,NA,"1.93i4_4_5_1_0.75","3i9.344",NA
2,0.0833,0.0428,NA,1.942824,1.949708,"two sided","0.051211 < p < 0.052037","0.01 < p < 0.05",NA,NA,NA,NA,NA,1,NA,NA,NA,NA,1,NA,NA,"2.0433i4_4_7_0.25_0.25","3i9.344","author: low df;implausible answer"
3,0.0833,0.0428,NA,1.942824,1.949708,"two sided","0.051211 < p < 0.052037","0.01 < p < 0.05",NA,NA,NA,NA,NA,1,NA,NA,NA,NA,1,NA,NA,"2.0433i4_4_7_0.25_0.75","3i9.344","author: low df;implausible answer"
1,0.08,0.005,NA,13.636364,18.888889,"two sided","0.000000 < p < 0.000001","0.01 < p < 0.05",NA,NA,NA,NA,1,NA,NA,1,NA,NA,NA,NA,NA,"13.7366a4_4_4_3.25_0.25","6a9.3419",NA
1,-0.086,0.032,NA,2.630769,2.746032,"two sided","0.006032 < p < 0.008519","0.01 < p < 0.05",NA,1,NA,NA,NA,NA,NA,NA,1,NA,NA,NA,NA,"2.7318o1_4_4_A_0.25_0.75","8o1.5999999999999919",NA
1,-0.065,0.032,NA,1.984615,2.079365,"two sided","0.037584 < p < 0.047187","0.05 < p < 0.1",1,1,NA,NA,NA,NA,NA,1,NA,NA,NA,NA,NA,"2.0857l0_1_5_C_0.5_0.25","7l5.301",NA
2,0.258,0.101,NA,2.536946,2.572139,"two sided","0.010107 < p < 0.011182","0 < p < 0.01",NA,NA,NA,NA,NA,1,NA,NA,NA,NA,NA,NA,1,"2.6377l0_1_5_D_0.75_1.25","7l5.301","implausible answer"
3,0.015,0.011,NA,1.26087,1.47619,"two sided","0.139893 < p < 0.207356","0.05 < p < 0.1",NA,NA,NA,NA,1,NA,NA,1,NA,NA,NA,NA,NA,"1.3617l0_1_9_C_1.25_0.25","7l5.301",NA
4,0.076,0.043,NA,1.735632,1.8,"two sided","0.071861 < p < 0.082629","0.1 < p < 1",NA,NA,NA,NA,1,NA,NA,1,NA,NA,NA,NA,NA,"1.8367l0_1_9_D_0.75_1","7l5.301",NA
1,1.0682,0.6216,NA,1.71825,1.718687,"two sided","0.085671 < p < 0.085751","0.1 < p < 1",NA,NA,NA,NA,1,NA,NA,1,NA,NA,NA,NA,NA,"1.8186i2_3_6_2.75_1","6i7.40000000000001218",NA
2,-0.4321,0.2208,NA,1.956305,1.957644,"two sided","0.050272 < p < 0.050429","0.01 < p < 0.05",NA,NA,NA,NA,1,NA,NA,1,NA,NA,NA,NA,NA,"2.0566i2_3_6_0.5_0.75","6i7.40000000000001218",NA
1,0.525,0.209,NA,2.50358,2.520384,"two sided","0.011723 < p < 0.012294","0 < p < 0.01",NA,NA,NA,NA,1,NA,NA,NA,NA,1,NA,NA,NA,"2.6045a3_4_3_0.5_0.5","5a8.09999999999999319",NA
2,-0.093,0.031,NA,2.936508,3.065574,"two sided","0.002173 < p < 0.003319","0.1 < p < 1",NA,NA,NA,NA,1,NA,NA,NA,NA,1,NA,NA,NA,"3.0375a3_4_3_1.25_0.5","5a8.09999999999999319",NA
1,-0.029,0.016,NA,1.727273,1.903226,"two sided","0.057011 < p < 0.084119","0 < p < 0.05",NA,NA,NA,NA,1,NA,NA,1,NA,NA,NA,NA,NA,"1.8277a0_3_2_2.75_0.75","7a0.0999999999999943013",NA
2,-8.96,4.33,NA,2.065744,2.072832,"two sided","0.038188 < p < 0.038853","0.1 < p < 1",NA,NA,NA,NA,1,NA,NA,1,NA,NA,NA,NA,NA,"2.1667a0_3_4_0.75_0.5","7a0.0999999999999943013",NA
3,-11.24,0.26,NA,42.396226,44.098039,"two sided","0.000000 < p < 0.000001","0.1 < p < 1",NA,NA,NA,NA,1,NA,NA,1,NA,NA,NA,NA,NA,"42.4967a0_3_5_0.75_0.25","7a0.0999999999999943013",NA
1,NA,NA,NA,0.09,0.085,"0.095000","0.085000 < p < 0.095000","0.1 < p < 1",NA,NA,NA,NA,1,NA,NA,NA,1,NA,NA,NA,NA,"0.1854n0_0_9_A_0.25_0.5","4n5.305",NA
1,-0.797,0.401,NA,1.983811,1.991261,"two sided","0.046452 < p < 0.047277","0.05 < p < 0.1",NA,NA,NA,NA,NA,1,NA,NA,NA,NA,1,NA,NA,"2.0845n0_1_3_0.25_0.25","5n5.0999999999999901","author: low df"
2,-0.797,0.403,NA,1.973978,1.981366,"two sided","0.047550 < p < 0.048384","0.05 < p < 0.1",NA,NA,NA,NA,NA,1,NA,NA,NA,NA,1,NA,NA,"2.0745n0_1_3_0.25_0.5","5n5.0999999999999901","author: low df"
3,-14.08,5,NA,2.812188,2.81982,"two sided","0.004805 < p < 0.004921","0.01 < p < 0.05",NA,NA,NA,NA,NA,1,NA,NA,NA,NA,1,NA,NA,"2.9125n0_1_3_0.75_1.5","5n5.0999999999999901","author: low df"
4,-32.42,15.38,NA,2.106922,2.108943,"two sided","0.034949 < p < 0.035124","0.05 < p < 0.1",NA,NA,NA,NA,NA,1,NA,NA,NA,NA,1,NA,NA,"2.2075n0_1_3_1_1","5n5.0999999999999901","author: low df"
5,-32.42,15.47,NA,2.094669,2.09667,"two sided","0.036023 < p < 0.036200","0.05 < p < 0.1",NA,NA,NA,NA,NA,1,NA,NA,NA,NA,1,NA,NA,"2.1955n0_1_3_1_1.25","5n5.0999999999999901","author: low df"
6,-0.203,0.097,NA,2.076923,2.108808,"two sided","0.034961 < p < 0.037809","0.05 < p < 0.1",NA,NA,NA,NA,NA,1,NA,NA,NA,NA,1,NA,NA,"2.1775n0_1_6_0.75_0.75","5n5.0999999999999901","author: low df"
8,NA,NA,2.56,2.555,2.565,"two sided","0.010318 < p < 0.010619","0 < p < 0.01",NA,NA,NA,NA,1,NA,NA,NA,NA,NA,NA,NA,1,"2.6555n1_0_7_1.25_1.75","5n9.59999999999999115","implausible answer"
7,NA,NA,2.89,2.885,2.895,"two sided","0.003792 < p < 0.003914","0.05 < p < 1",NA,NA,NA,NA,1,NA,NA,NA,NA,NA,NA,NA,1,"2.9855n3_1_3_A_0.5_0.25","5n6.5311",NA
1,0.934,0.399,NA,2.336671,2.345044,"two sided","0.019025 < p < 0.019456","0 < p < 0.01",NA,NA,NA,NA,1,NA,NA,1,NA,NA,NA,NA,NA,"2.4376r0_2_A_2_3.25_0.5","6r5.3017",NA
1,0.035,0.016,NA,2.090909,2.290323,"two sided","0.022003 < p < 0.036536","0.05 < p < 0.1",NA,NA,NA,NA,NA,1,NA,NA,NA,NA,NA,NA,1,"2.1918d1_2_2_B_0.5_0.25","8d1.5112","marginal"
2,0.037,0.025,NA,1.431373,1.530612,"two sided","0.125865 < p < 0.152323","0.01 < p < 0.05",NA,NA,NA,NA,NA,1,NA,NA,NA,NA,NA,NA,1,"1.5318d1_2_2_B_0.5_1.5","8d1.5112","marginal"
3,0.03,0.022,NA,1.111111,1.627907,"two sided","0.103545 < p < 0.266521","0.01 < p < 0.05",NA,NA,NA,NA,NA,1,NA,NA,NA,NA,NA,NA,1,"1.2118d1_2_3_0.25_0.5","8d1.5112","marginal"
4,0.02,0.017,NA,0.857143,1.515152,"two sided","0.129734 < p < 0.391366","0.05 < p < 0.1",NA,NA,NA,NA,NA,1,NA,NA,NA,NA,NA,NA,1,"0.9578d1_2_3_0.5_0.5","8d1.5112","marginal"
5,0.056,0.036,NA,1.520548,1.591549,"two sided","0.111486 < p < 0.128373","0.01 < p < 0.05",NA,NA,NA,NA,NA,1,NA,NA,NA,NA,NA,NA,1,"1.6218d1_2_3_0.5_1","8d1.5112","marginal"
1,0.144,0.058,NA,2.452991,2.513043,"two sided","0.011969 < p < 0.014167","0.05 < p < 0.1",NA,NA,NA,NA,NA,1,NA,NA,NA,NA,NA,NA,NA,"2.5536e0_3_3_1_0.75_1","6e0.29999999999999703","implausible answer"
2,0.053,0.031,NA,1.666667,1.754098,"two sided","0.079414 < p < 0.095581","0.1 < p < 1",NA,NA,NA,NA,NA,1,NA,NA,NA,NA,NA,NA,NA,"1.7676e0_3_3_3_0.5_0.5","6e0.29999999999999703","low df"
3,2.907,1.192,NA,2.437317,2.440201,"two sided","0.014679 < p < 0.014797","0 < p < 0.01",NA,NA,NA,NA,NA,1,NA,NA,NA,NA,NA,NA,NA,"2.5376e0_3_4_0.25_2.5","6e0.29999999999999703","implausible answer"
4,2.212,1.224,NA,1.806043,1.808337,"two sided","0.070554 < p < 0.070912","0.01 < p < 0.05",NA,NA,NA,NA,NA,1,NA,NA,NA,NA,NA,NA,NA,"1.9066e0_3_4_0.25_2","6e0.29999999999999703","implausible answer"
5,2.607,1.021,NA,2.55164,2.55512,"two sided","0.010615 < p < 0.010722","0 < p < 0.01",NA,NA,NA,NA,NA,1,NA,NA,NA,NA,NA,NA,NA,"2.6526e0_3_4_0.25_2.25","6e0.29999999999999703","implausible answer"
6,0.1112,0.0554,NA,2.004509,2.009937,"two sided","0.044438 < p < 0.045016","0 < p < 0.01",NA,NA,NA,NA,NA,1,NA,NA,NA,NA,NA,NA,NA,"2.1056e0_3_5_0.25_0.25","6e0.29999999999999703","implausible answer"
7,0.0041,0.0022,NA,1.8,1.930233,"two sided","0.053578 < p < 0.071861","0.01 < p < 0.05",NA,NA,NA,NA,NA,1,NA,NA,NA,NA,NA,NA,NA,"1.96e0_3_5_0.5_0.5","6e0.29999999999999703","implausible answer"
8,0.86,0.32,NA,2.630769,2.746032,"two sided","0.006032 < p < 0.008519","0.01 < p < 0.05",NA,NA,NA,NA,NA,1,NA,NA,NA,NA,NA,NA,NA,"2.7316e3_0_4_A_0.25_0.25","6e3.2315","low df"
9,-1.76,0.72,NA,2.42069,2.468531,"two sided","0.013567 < p < 0.015491","0 < p < 0.01",NA,NA,NA,NA,NA,1,NA,NA,NA,NA,NA,NA,NA,"2.5216e3_0_4_A_0.75_0.5","6e3.2315","implausible answer"
10,0.83,0.41,NA,1.987952,2.061728,"two sided","0.039234 < p < 0.046817","0.05 < p < 1",NA,NA,NA,NA,NA,1,NA,NA,NA,NA,NA,NA,NA,"2.0886e3_0_4_B_0.25_0.25","6e3.2315","low df"
11,1.14,0.41,NA,2.73494,2.82716,"two sided","0.004696 < p < 0.006239","0.01 < p < 0.05",NA,NA,NA,NA,NA,1,NA,NA,NA,NA,NA,NA,NA,"2.8356e3_0_6_0.5_0.5","6e3.2315","low df"
12,1.41,0.5,NA,2.782178,2.858586,"two sided","0.004255 < p < 0.005400","0.01 < p < 0.05",NA,NA,NA,NA,NA,1,NA,NA,NA,NA,NA,NA,NA,"2.8826e3_0_7_0.5_0.25","6e3.2315","low df"
1,0.0041,0.0017,NA,2.314286,2.515152,"two sided","0.011898 < p < 0.020652","0 < p < 0.01",NA,NA,NA,NA,1,NA,NA,NA,NA,1,NA,NA,NA,"2.41410a2_2_5_0.25_1","10a2.327",NA
2,-0.0207,0.0087,NA,2.36,2.398844,"two sided","0.016447 < p < 0.018275","0.05 < p < 0.1",NA,NA,NA,NA,1,NA,NA,NA,NA,1,NA,NA,NA,"2.4610a2_2_7_1.25_0.75","10a2.327",NA
1,-0.232,0.087,NA,2.645714,2.687861,"two sided","0.007191 < p < 0.008152","0.01 < p < 0.05",NA,NA,NA,NA,NA,NA,1,NA,NA,NA,NA,1,NA,"2.7466g1_3_4_1.25_1.5","6g6.4000000000000113","low df"
2,-23.1,11.7,NA,1.961702,1.987124,"two sided","0.046909 < p < 0.049797","0.05 < p < 0.1",NA,NA,NA,NA,NA,NA,1,NA,NA,NA,NA,1,NA,"2.0626g1_3_4_2_1.5","6g6.4000000000000113","low df"
3,-0.104,0.062,NA,1.656,1.699187,"two sided","0.089284 < p < 0.097722","0.1 < p < 1",NA,NA,NA,NA,NA,NA,1,NA,NA,NA,NA,1,NA,"1.7566g1_3_5_0.25_1","6g6.4000000000000113","low df"
1,-1.26,0.548,NA,2.288058,2.310502,"two sided","0.020860 < p < 0.022134","0 < p < 0.01",NA,NA,NA,NA,1,NA,NA,NA,1,NA,NA,NA,NA,"2.3886n0_3_3_0.25_1.5","6n0.299999999999997018",NA
2,0.028,0.016,NA,1.666667,1.83871,"two sided","0.065958 < p < 0.095581","0.1 < p < 1",NA,NA,NA,NA,NA,1,NA,NA,NA,NA,NA,NA,NA,"1.7676n1_1_4_1.25_1.75","6n1.2116","marginal"
1,0.079,0.009,NA,8.263158,9.352941,"two sided","0.000000 < p < 0.000001","0.05 < p < 1",NA,NA,NA,NA,1,NA,NA,NA,NA,NA,NA,NA,1,"8.3639.3_1_5_B_0.25_1.75","9.6.4000000000000136",NA
2,0.061,0.008,NA,7.117647,8.2,"two sided","0.000000 < p < 0.000001","0.05 < p < 1",NA,NA,NA,NA,1,NA,NA,NA,NA,NA,NA,NA,1,"7.2189.3_1_5_B_0.25_2","9.6.4000000000000136",NA
1,NA,NA,NA,2e-04,0.00015,"0.000250","0.000150 < p < 0.000250","0.01 < p < 0.05",NA,NA,NA,NA,1,NA,NA,1,NA,NA,NA,NA,NA,"0.14e1_0_6_1.25_0.25","4e6.3115",NA
2,NA,NA,NA,0.0011,0.00105,"0.001150","0.001050 < p < 0.001150","0.01 < p < 0.05",NA,NA,NA,NA,1,NA,NA,1,NA,NA,NA,NA,NA,"0.1014e1_0_6_1.75_0.25","4e6.3115",NA
1,1.05e-09,6.49e-10,NA,1.60893,1.626831,"two sided","0.103773 < p < 0.107632","0.05 < p < 0.1",NA,NA,NA,NA,NA,NA,1,NA,NA,NA,NA,1,NA,"1.7095n1_1_3_0.5_1.5","5n4.5111",NA
1,-0.242,0.0118,NA,20.379747,20.638298,"two sided","0.000000 < p < 0.000001","0.01 < p < 0.05",NA,NA,NA,NA,NA,1,NA,NA,NA,NA,NA,NA,NA,"20.488e2_3_7_0.25_2.25","8e2.2213","implausible answer"
1,NA,NA,1.88,1.875,1.885,"two sided","0.059430 < p < 0.060793","0.1 < p < 1",NA,NA,NA,NA,1,NA,NA,NA,1,NA,NA,NA,NA,"1.9755l0_4_7_1_0.75","5l0.5014",NA
1,0.14,0.1,NA,1.285714,1.526316,"two sided","0.126931 < p < 0.198543","0.05 < p < 0.1",NA,NA,NA,NA,NA,1,NA,NA,NA,NA,NA,NA,NA,"1.3865l1_0_3_0.25_0.75","5l1.7110","marginal"
2,0.25,0.16,NA,1.484848,1.645161,"two sided","0.099937 < p < 0.137584","0.01 < p < 0.05",NA,NA,NA,NA,NA,1,NA,NA,NA,NA,NA,NA,NA,"1.5855l1_0_3_0.25_1.25","5l1.7110","marginal"
3,0.28,0.16,NA,1.666667,1.83871,"two sided","0.065958 < p < 0.095581","0.01 < p < 0.05",NA,NA,NA,NA,NA,1,NA,NA,NA,NA,NA,NA,NA,"1.7675l1_0_3_0.25_1.75","5l1.7110","marginal"
4,0.22,0.16,NA,1.30303,1.451613,"two sided","0.146609 < p < 0.192564","0.05 < p < 0.1",NA,NA,NA,NA,NA,1,NA,NA,NA,NA,NA,NA,NA,"1.4035l1_0_3_0.75_0.75","5l1.7110","marginal"
5,0.24,0.2,NA,1.146341,1.25641,"two sided","0.208967 < p < 0.251654","0.05 < p < 0.1",NA,NA,NA,NA,NA,1,NA,NA,NA,NA,NA,NA,NA,"1.2465l1_0_3_1_0.75","5l1.7110","marginal"
6,0.15,0.1,NA,1.380952,1.631579,"two sided","0.102768 < p < 0.167294","0.05 < p < 0.1",NA,NA,NA,NA,NA,1,NA,NA,NA,NA,NA,NA,NA,"1.4815l1_0_3_1_1.25","5l1.7110","marginal"
7,0.3,0.17,NA,1.685714,1.848485,"two sided","0.064532 < p < 0.091851","0.01 < p < 0.05",NA,NA,NA,NA,NA,1,NA,NA,NA,NA,NA,NA,NA,"1.7865l1_0_3_1.25_1.75","5l1.7110","marginal"
8,2.56,0.89,NA,2.854749,2.898305,"two sided","0.003752 < p < 0.004307","0.01 < p < 0.05",NA,NA,NA,NA,NA,1,NA,NA,NA,NA,NA,NA,NA,"2.9555l1_0_3_1.5_1.5","5l1.7110","marginal"
9,-0.16,0.05,NA,2.818182,3.666667,"two sided","0.000246 < p < 0.004830","0.01 < p < 0.05",NA,NA,NA,NA,NA,1,NA,NA,NA,NA,NA,NA,NA,"2.9185l1_0_6_0.75_1.25","5l1.7110","marginal"
10,0.18,0.08,NA,2.058824,2.466667,"two sided","0.013638 < p < 0.039511","0 < p < 0.01",NA,NA,NA,NA,NA,1,NA,NA,NA,NA,NA,NA,NA,"2.1595l1_0_6_1.25_0.75","5l1.7110","marginal"
11,0.46,0.26,NA,1.716981,1.823529,"two sided","0.068223 < p < 0.085983","0.01 < p < 0.05",NA,NA,NA,NA,NA,1,NA,NA,NA,NA,NA,NA,NA,"1.8175l1_0_6_1.5_1.25","5l1.7110","marginal"
1,-27.47,8.89,NA,NA,NA,"two sided","0.001986 < p < 0.002017","0.01 < p < 0.05",NA,NA,NA,NA,NA,1,NA,NA,NA,NA,NA,NA,NA,"3.1884k1_2_4_0.75_0.75","4k1.4000000000000117","low df"
1,-1448.2,569.8,NA,2.541283,2.541904,"two sided","0.011025 < p < 0.011045","0 < p < 0.01",NA,NA,NA,NA,NA,1,NA,NA,NA,NA,1,NA,NA,"2.6414g3_3_5_1.75_0.75","4g6.233","author: low df;implausible answer"
2,0.505,0.208,NA,2.419664,2.436145,"two sided","0.014845 < p < 0.015535","0 < p < 0.01",NA,NA,NA,NA,NA,1,NA,NA,NA,NA,1,NA,NA,"2.524g1_2_2_0.25_0.5","4g1.717","author: low df;implausible answer"
3,0.535,0.256,NA,2.083821,2.09589,"two sided","0.036092 < p < 0.037176","0 < p < 0.01",NA,NA,NA,NA,NA,1,NA,NA,NA,NA,NA,NA,NA,"2.1844g1_2_2_0.25_1","4g1.717","coding error by us"
4,0.172,0.064,NA,2.658915,2.716535,"two sided","0.006597 < p < 0.007839","0.01 < p < 0.05",NA,NA,NA,NA,NA,1,NA,NA,NA,NA,1,NA,NA,"2.7594g1_2_5_0.25_0.75","4g1.717","author: low df;implausible answer"
1,-0.0853,0.062,NA,1.364,1.387805,"two sided","0.165196 < p < 0.172568","0.05 < p < 0.1",NA,NA,NA,NA,1,NA,NA,NA,1,NA,NA,NA,NA,"1.4644r2_3_6_0.75_0.5","4r7.09999999999999218",NA
1,NA,NA,4.2,4.15,4.25,"two sided","0.000021 < p < 0.000033","0.01 < p < 0.05",NA,NA,NA,NA,1,NA,NA,1,NA,NA,NA,NA,NA,"4.258n3_1_7_3_1.25","8n3.0999999999999931",NA
2,NA,NA,3.1,3.05,3.15,"two sided","0.001633 < p < 0.002288","0.01 < p < 0.05",NA,NA,NA,NA,1,NA,NA,1,NA,NA,NA,NA,NA,"3.158n3_1_7_1.75_1.25","8n3.0999999999999931",NA
3,NA,NA,2.5,2.45,2.55,"two sided","0.010772 < p < 0.014286","0 < p < 0.01",NA,NA,NA,NA,1,NA,NA,1,NA,NA,NA,NA,NA,"2.558n3_1_8_0.5_1.5","8n3.0999999999999931",NA
1,0.242,0.069,NA,3.47482,3.540146,"two sided","0.000400 < p < 0.000511","0.01 < p < 0.05",NA,NA,NA,NA,NA,1,NA,NA,NA,NA,1,NA,NA,"3.57511r0_1_2_1_0.5","11r0.099999999999994301","author: low df"
2,0.242,0.069,NA,3.47482,3.540146,"two sided","0.000400 < p < 0.000511","0.01 < p < 0.05",NA,NA,NA,NA,NA,1,NA,NA,NA,NA,1,NA,NA,"3.57511r0_1_2_1_0.75","11r0.099999999999994301","author: low df"
3,0.376,0.116,NA,3.223176,3.25974,"two sided","0.001115 < p < 0.001268","0.01 < p < 0.05",NA,NA,NA,NA,NA,1,NA,NA,NA,NA,1,NA,NA,"3.32311r0_1_2_1.25_1.5","11r0.099999999999994301","author: low df"
1,0.752,0.397,NA,1.890566,1.897856,"two sided","0.057715 < p < 0.058682","0 < p < 0.01",NA,NA,NA,NA,NA,1,NA,NA,NA,NA,NA,NA,NA,"1.9916n1_3_3_0.25_0.75","6n1.5113","marginal"
2,0.352,0.234,NA,1.498934,1.509636,"two sided","0.131136 < p < 0.133891","0.01 < p < 0.05",NA,NA,NA,NA,NA,1,NA,NA,NA,NA,NA,NA,NA,"1.5996n1_3_3_0.5_0.75","6n1.5113","marginal"
3,0.565,0.247,NA,2.280808,2.294118,"two sided","0.021784 < p < 0.022560","0 < p < 0.01",NA,NA,NA,NA,NA,1,NA,NA,NA,NA,NA,NA,NA,"2.3816n1_3_3_0.5_1","6n1.5113","marginal"
4,0.538,0.348,NA,1.542324,1.54964,"two sided","0.121228 < p < 0.122995","0 < p < 0.01",NA,NA,NA,NA,NA,1,NA,NA,NA,NA,NA,NA,NA,"1.6426n1_3_3_0.75_0.75","6n1.5113","marginal"
5,0.81,0.36,NA,2.205479,2.295775,"two sided","0.021689 < p < 0.027420","0 < p < 0.01",NA,NA,NA,NA,NA,1,NA,NA,NA,NA,NA,NA,NA,"2.3056n1_3_3_0.75_1","6n1.5113","marginal"
6,0.415,0.302,NA,1.370248,1.378109,"two sided","0.168169 < p < 0.170610","0.01 < p < 0.05",NA,NA,NA,NA,NA,1,NA,NA,NA,NA,NA,NA,NA,"1.476n1_3_4_0.25_0.25","6n1.5113","marginal"
7,0.415,0.361,NA,1.146611,1.152566,"two sided","0.249089 < p < 0.251542","0.05 < p < 0.1",NA,NA,NA,NA,NA,1,NA,NA,NA,NA,NA,NA,NA,"1.2476n1_3_4_0.25_0.5","6n1.5113","marginal"
8,0.517,0.438,NA,1.177879,1.182857,"two sided","0.236866 < p < 0.238845","0.01 < p < 0.05",NA,NA,NA,NA,NA,1,NA,NA,NA,NA,NA,NA,NA,"1.2786n1_3_4_0.5_0.25","6n1.5113","marginal"
9,0.516,0.474,NA,1.086407,1.090813,"two sided","0.275355 < p < 0.277299","0.05 < p < 0.1",NA,NA,NA,NA,NA,1,NA,NA,NA,NA,NA,NA,NA,"1.1866n1_3_4_0.5_0.5","6n1.5113","marginal"
10,0.49,0.351,NA,1.379801,1.412268,"two sided","0.157871 < p < 0.167648","0.01 < p < 0.05",NA,NA,NA,NA,NA,1,NA,NA,NA,NA,NA,NA,NA,"1.486n1_3_4_0.5_0.75","6n1.5113","marginal"
11,0.455,0.312,NA,1.4544,1.462279,"two sided","0.143665 < p < 0.145835","0.01 < p < 0.05",NA,NA,NA,NA,NA,1,NA,NA,NA,NA,NA,NA,NA,"1.5546n1_3_4_0.5_1","6n1.5113","marginal"
12,0.504,0.261,NA,1.92543,1.93666,"two sided","0.052787 < p < 0.054176","0 < p < 0.01",NA,NA,NA,NA,NA,1,NA,NA,NA,NA,NA,NA,NA,"2.0256n1_3_5_0.25_0.25","6n1.5113","marginal"
13,0.558,0.318,NA,1.750392,1.759055,"two sided","0.078568 < p < 0.080051","0 < p < 0.01",NA,NA,NA,NA,NA,1,NA,NA,NA,NA,NA,NA,NA,"1.856n1_3_5_0.5_0.25","6n1.5113","marginal"
14,0.19,0.107,NA,1.72093,1.830986,"two sided","0.067103 < p < 0.085263","0 < p < 0.01",NA,NA,NA,NA,NA,1,NA,NA,NA,NA,NA,NA,NA,"1.8216n1_3_6_0.25_0.25","6n1.5113","marginal"
15,0.191,0.124,NA,1.53012,1.550607,"two sided","0.120996 < p < 0.125987","0 < p < 0.01",NA,NA,NA,NA,NA,1,NA,NA,NA,NA,NA,NA,NA,"1.636n1_3_6_0.25_0.5","6n1.5113","marginal"
16,0.156,0.132,NA,1.173585,1.190114,"two sided","0.234002 < p < 0.240561","0 < p < 0.01",NA,NA,NA,NA,NA,1,NA,NA,NA,NA,NA,NA,NA,"1.2746n1_3_6_0.25_0.75","6n1.5113","marginal"
17,0.768,0.341,NA,2.247438,2.256975,"two sided","0.024010 < p < 0.024612","0 < p < 0.01",NA,NA,NA,NA,NA,1,NA,NA,NA,NA,NA,NA,NA,"2.3476n1_3_6_0.75_0.25","6n1.5113","marginal"
18,0.584,0.349,NA,1.669528,1.677188,"two sided","0.093506 < p < 0.095013","0 < p < 0.01",NA,NA,NA,NA,NA,1,NA,NA,NA,NA,NA,NA,NA,"1.776n1_3_6_1_0.5","6n1.5113","marginal"
19,0.594,0.365,NA,1.623803,1.631001,"two sided","0.102890 < p < 0.104418","0 < p < 0.01",NA,NA,NA,NA,NA,1,NA,NA,NA,NA,NA,NA,NA,"1.7246n1_3_6_1.5_0.75","6n1.5113","marginal"
20,0.888,0.553,NA,1.603433,1.608145,"two sided","0.107803 < p < 0.108839","0 < p < 0.01",NA,NA,NA,NA,NA,1,NA,NA,NA,NA,NA,NA,NA,"1.7036n1_3_6_1.75_0.75","6n1.5113","marginal"
21,0.696,0.296,NA,2.3457,2.357022,"two sided","0.018422 < p < 0.018991","0 < p < 0.01",NA,NA,NA,NA,NA,1,NA,NA,NA,NA,NA,NA,NA,"2.4466n1_3_6_2_0.75","6n1.5113","marginal"
22,0.398,0.25,NA,1.558824,1.626531,"two sided","0.103837 < p < 0.119038","0 < p < 0.01",NA,NA,NA,NA,NA,1,NA,NA,NA,NA,NA,NA,NA,"1.6596n1_3_6_2.25_0.75","6n1.5113","marginal"
23,0.741,0.401,NA,1.844334,1.851436,"two sided","0.064107 < p < 0.065135","0 < p < 0.01",NA,NA,NA,NA,NA,1,NA,NA,NA,NA,NA,NA,NA,"1.9446n1_3_7_A_0.25_0.5","6n1.5113","marginal"
24,-0.317,0.137,NA,2.301818,2.326007,"two sided","0.020018 < p < 0.021345","0.05 < p < 0.1",NA,NA,NA,NA,NA,1,NA,NA,NA,NA,NA,NA,NA,"2.4026n1_3_7_A_0.25_0.75","6n1.5113","marginal"
25,0.681,0.281,NA,2.417407,2.42959,"two sided","0.015116 < p < 0.015632","0 < p < 0.01",NA,NA,NA,NA,NA,1,NA,NA,NA,NA,NA,NA,NA,"2.5176n1_3_7_B_0.25_0.25","6n1.5113","marginal"
26,0.552,0.223,NA,2.467562,2.483146,"two sided","0.013023 < p < 0.013604","0 < p < 0.01",NA,NA,NA,NA,NA,1,NA,NA,NA,NA,NA,NA,NA,"2.5686n1_3_7_B_0.25_0.5","6n1.5113","marginal"
1,0.217,0.099,NA,2.175879,2.208122,"two sided","0.027236 < p < 0.029564","0 < p < 0.01",NA,NA,NA,NA,1,NA,NA,1,NA,NA,NA,NA,NA,"2.2768w2_3_5_2.5_0.25","8w7.3213",NA
2,-1.231,0.4832,NA,2.546301,2.548898,"two sided","0.010806 < p < 0.010887","0 < p < 0.01",NA,NA,NA,NA,NA,1,NA,NA,NA,NA,NA,NA,1,"2.6468w2_3_6_0.75_0.25","8w7.3213","implausible answer"
3,0.0454,0.0179,NA,2.526462,2.546218,"two sided","0.010890 < p < 0.011522","0 < p < 0.01",NA,NA,NA,NA,NA,1,NA,NA,NA,NA,NA,NA,1,"2.6268w2_3_6_1.25_0.25","8w7.3213","implausible answer"
1,-0.321,0.163,NA,1.960245,1.978462,"two sided","0.047877 < p < 0.049967","0.05 < p < 0.1",NA,NA,NA,NA,1,NA,NA,1,NA,NA,NA,NA,NA,"2.068g0_2_4_B_2.25_2.25","8g5.4000000000000107",NA
2,-1.125,0.436,NA,2.576174,2.584386,"two sided","0.009755 < p < 0.009990","0.01 < p < 0.05",NA,NA,NA,NA,1,NA,NA,1,NA,NA,NA,NA,NA,"2.6768g0_2_4_C_0.25_0.25","8g5.4000000000000107",NA
1,2.496,1.251,NA,1.994007,1.996401,"two sided","0.045890 < p < 0.046151","0.05 < p < 0.1",NA,NA,NA,NA,1,NA,NA,1,NA,NA,NA,NA,NA,"2.0948b1_0_6_0.25_1.25","8b1.7110","low df"
1,-56.65,22.7,NA,2.48989,2.501325,"two sided","0.012373 < p < 0.012778","0 < p < 0.01",NA,NA,NA,NA,1,NA,NA,NA,NA,NA,NA,NA,1,"2.595d0_4_10_0.5_0.25","5d5.40000000000001019",NA
2,-59.19,24,NA,2.460915,2.471608,"two sided","0.013451 < p < 0.013858","0 < p < 0.01",NA,NA,NA,NA,1,NA,NA,NA,NA,NA,NA,NA,1,"2.5615d0_4_10_1.5_0.25","5d5.40000000000001019",NA
3,-59.52,25,NA,2.375848,2.385772,"two sided","0.017043 < p < 0.017509","0 < p < 0.01",NA,NA,NA,NA,1,NA,NA,NA,NA,NA,NA,NA,1,"2.4765d0_4_10_1.5_1.5","5d5.40000000000001019",NA
4,1.3511,0.53,NA,2.525327,2.573619,"two sided","0.010064 < p < 0.011559","0 < p < 0.01",NA,NA,NA,NA,1,NA,NA,NA,NA,NA,NA,NA,1,"2.6255d0_4_11_0.25_1","5d5.40000000000001019",NA
5,1.6769,0.67,NA,2.484222,2.521729,"two sided","0.011678 < p < 0.012983","0 < p < 0.01",NA,NA,NA,NA,1,NA,NA,NA,NA,NA,NA,NA,1,"2.5845d0_4_11_0.25_1.75","5d5.40000000000001019",NA
6,1.7822,0.71,NA,2.492517,2.528014,"two sided","0.011471 < p < 0.012684","0 < p < 0.01",NA,NA,NA,NA,1,NA,NA,NA,NA,NA,NA,NA,1,"2.5935d0_4_11_0.5_2.25","5d5.40000000000001019",NA
7,1.1535,0.48,NA,2.378247,2.428526,"two sided","0.015160 < p < 0.017395","0 < p < 0.01",NA,NA,NA,NA,1,NA,NA,NA,NA,NA,NA,NA,1,"2.4785d0_4_11_0.75_1","5d5.40000000000001019",NA
8,0.2329,0.138,NA,1.681227,1.694182,"two sided","0.090231 < p < 0.092719","0.1 < p < 1",NA,NA,NA,NA,NA,1,NA,NA,NA,NA,1,NA,NA,"1.7815d0_4_4_0.5_1.25","5d5.40000000000001019","author: low df"
9,0.0405,0.024,NA,1.65102,1.725532,"two sided","0.084432 < p < 0.098734","0.1 < p < 1",NA,NA,NA,NA,NA,1,NA,NA,NA,NA,1,NA,NA,"1.7515d0_4_4_0.75_0.25","5d5.40000000000001019","author: low df"
10,3.7498,1.5,NA,2.491528,2.508261,"two sided","0.012133 < p < 0.012719","0 < p < 0.01",NA,NA,NA,NA,1,NA,NA,NA,NA,NA,NA,NA,1,"2.5925d0_4_7_0.25_1.75","5d5.40000000000001019",NA
11,4.434,1.87,NA,2.364773,2.377507,"two sided","0.017430 < p < 0.018041","0 < p < 0.01",NA,NA,NA,NA,1,NA,NA,NA,NA,NA,NA,NA,1,"2.4655d0_4_7_0.75_0.5","5d5.40000000000001019",NA
12,5.4123,2.15,NA,2.511485,2.52324,"two sided","0.011628 < p < 0.012022","0 < p < 0.01",NA,NA,NA,NA,1,NA,NA,NA,NA,NA,NA,NA,1,"2.6115d0_4_7_0.75_1.25","5d5.40000000000001019",NA
13,3.9925,1.56,NA,2.551086,2.567556,"two sided","0.010242 < p < 0.010739","0 < p < 0.01",NA,NA,NA,NA,1,NA,NA,NA,NA,NA,NA,NA,1,"2.6515d0_4_7_0.75_1.75","5d5.40000000000001019",NA
14,5.0405,2.16,NA,2.328152,2.339002,"two sided","0.019335 < p < 0.019904","0 < p < 0.01",NA,NA,NA,NA,1,NA,NA,NA,NA,NA,NA,NA,1,"2.4285d0_4_7_0.75_2","5d5.40000000000001019",NA
15,-22.686,9.37,NA,2.419787,2.422477,"two sided","0.015415 < p < 0.015530","0 < p < 0.01",NA,NA,NA,NA,1,NA,NA,NA,NA,NA,NA,NA,1,"2.525d0_4_7_1.5_2","5d5.40000000000001019",NA
16,621.608,362.98,NA,1.712488,1.712538,"two sided","0.086798 < p < 0.086807","0.1 < p < 1",NA,NA,NA,NA,1,NA,NA,NA,NA,NA,NA,NA,1,"1.8125d0_4_8_2.5_1.25","5d5.40000000000001019",NA
17,-171.5,72,NA,2.364828,2.399301,"two sided","0.016426 < p < 0.018038","0 < p < 0.01",NA,NA,NA,NA,1,NA,NA,NA,NA,NA,NA,NA,1,"2.4655d0_4_8_0.5_0.5","5d5.40000000000001019",NA
18,-27.441,11.45,NA,2.395504,2.397685,"two sided","0.016499 < p < 0.016598","0 < p < 0.01",NA,NA,NA,NA,1,NA,NA,NA,NA,NA,NA,NA,1,"2.4965d0_4_8_1.5_0.25","5d5.40000000000001019",NA
19,3.1428,1.29,NA,2.426834,2.445798,"two sided","0.014453 < p < 0.015231","0 < p < 0.01",NA,NA,NA,NA,1,NA,NA,NA,NA,NA,NA,NA,1,"2.5275d0_4_8_2_0.25","5d5.40000000000001019",NA
20,3.9685,1.63,NA,2.427187,2.442185,"two sided","0.014599 < p < 0.015216","0 < p < 0.01",NA,NA,NA,NA,1,NA,NA,NA,NA,NA,NA,NA,1,"2.5275d0_4_9_0.25_1","5d5.40000000000001019",NA
1,-10.297,3.981,NA,2.586086,2.586987,"two sided","0.009682 < p < 0.009707","0.01 < p < 1",NA,NA,NA,NA,1,NA,NA,NA,NA,NA,NA,1,NA,"2.6866y2_1_5_0.5_0.25","6y7.521",NA
1,0.046,0.028,NA,1.596491,1.690909,"two sided","0.090854 < p < 0.110379","0 < p < 0.05",NA,NA,NA,NA,1,NA,NA,1,NA,NA,NA,NA,NA,"1.6968u2_0_5_0.25_1","8u5.2210",NA
2,-0.07,0.012,NA,5.56,6.130435,"two sided","0.000000 < p < 0.000001","0.05 < p < 1",NA,NA,NA,NA,1,NA,NA,1,NA,NA,NA,NA,NA,"5.668u2_0_8_0.25_3.75","8u5.2210",NA
3,-0.07,0.012,NA,5.56,6.130435,"two sided","0.000000 < p < 0.000001","0.05 < p < 1",NA,NA,NA,NA,1,NA,NA,1,NA,NA,NA,NA,NA,"5.668u2_0_8_0.25_4","8u5.2210",NA
1,0.055,0.039,NA,1.379747,1.441558,"two sided","0.149427 < p < 0.167665","0 < p < 0.05",NA,NA,NA,NA,1,NA,NA,NA,NA,NA,NA,1,NA,"1.485h2_2_2_0.5_1","5h7.322",NA
1,0.149,0.057,NA,2.582609,2.646018,"two sided","0.008145 < p < 0.009806","0.01 < p < 0.05",NA,NA,NA,NA,NA,1,NA,NA,NA,NA,1,NA,NA,"2.6836r1_4_2_D_1.25_0.75","6r1.719","author: low df"
2,3.027,1.159,NA,2.610177,2.613293,"two sided","0.008967 < p < 0.009050","0.01 < p < 0.05",NA,NA,NA,NA,NA,1,NA,NA,NA,NA,1,NA,NA,"2.716r1_4_3_0.25_1.5","6r1.719","author: low df"
1,3.635,1.424,NA,2.551422,2.553916,"two sided","0.010652 < p < 0.010728","0 < p < 0.01",NA,NA,NA,NA,NA,NA,1,1,NA,NA,NA,NA,NA,"2.6519h4_4_5_0.25_0.5","9h9.344",NA
2,3.299,1.678,NA,1.965147,1.966915,"two sided","0.049193 < p < 0.049397","0.05 < p < 0.1",NA,NA,NA,NA,NA,NA,1,NA,NA,NA,NA,1,NA,"2.0659h4_4_5_1_0.75","9h9.344","low df"
3,-3.237,1.68,NA,1.920772,1.932836,"two sided","0.053256 < p < 0.054761","0.01 < p < 0.05",NA,NA,NA,NA,NA,NA,1,1,NA,NA,NA,NA,NA,"2.0219h4_4_6_0.5_0.5","9h9.344",NA
4,-4.027,1.57,NA,2.556508,2.573482,"two sided","0.010068 < p < 0.010573","0 < p < 0.01",NA,NA,NA,NA,NA,NA,1,1,NA,NA,NA,NA,NA,"2.6579h4_4_7_0.75_0.75","9h9.344",NA
4,0.0089,0.006,NA,1.361538,1.627273,"two sided","0.103679 < p < 0.173344","0.05 < p < 0.1",NA,NA,NA,NA,NA,NA,1,NA,NA,NA,NA,1,NA,"1.4626n4_2_6_C_0.5_0.75","6n4.3417",NA
1,0.01,0.006,NA,1.461538,1.909091,"two sided","0.056250 < p < 0.143868","0.01 < p < 0.05",NA,NA,NA,NA,1,NA,NA,1,NA,NA,NA,NA,NA,"1.5626n3_3_4_0.5_0.25","6n8.40000000000001313",NA
2,-0.031,0.018,NA,1.648649,1.8,"two sided","0.071861 < p < 0.099220","0.01 < p < 0.05",NA,NA,NA,NA,1,NA,NA,1,NA,NA,NA,NA,NA,"1.7496n3_3_4_0.75_0.25","6n8.40000000000001313",NA
3,-0.934,0.471,NA,1.979852,1.986185,"two sided","0.047013 < p < 0.047720","0.05 < p < 0.1",NA,1,NA,NA,NA,NA,NA,1,NA,NA,NA,NA,NA,"2.086n3_3_5_0.25_2.25","6n8.40000000000001313",NA
5,0.095,0.21,NA,0.439535,0.465854,"two sided","0.641320 < p < 0.660274","0 < p < 0.01",NA,1,NA,NA,NA,NA,NA,1,NA,NA,NA,NA,NA,"0.546n0_0_2_0.25_1.75","6n5.2015",NA
1,NA,NA,NA,0.04,0.0395,"0.040500","0.039500 < p < 0.040500","0.05 < p < 0.1",NA,NA,NA,NA,1,NA,NA,NA,NA,NA,NA,1,NA,"0.145s0_0_6_1_0.5_1.25","5s0.299999999999997015",NA
2,NA,NA,NA,0.039,0.0385,"0.039500","0.038500 < p < 0.039500","0.05 < p < 0.1",NA,NA,NA,NA,1,NA,NA,NA,NA,NA,NA,1,NA,"0.1385s0_0_6_1_0.75_1.25","5s0.299999999999997015",NA
1,0.41,0.34,NA,1.173913,1.238806,"two sided","0.215417 < p < 0.240430","0 < p < 0.05",NA,NA,NA,NA,1,NA,NA,1,NA,NA,NA,NA,NA,"1.2747n2_1_3_1.75_0.5","7n7.0999999999999921",NA
1,-0.077,0.046,NA,1.645161,1.703297,"two sided","0.088513 < p < 0.099937","0.1 < p < 1",NA,NA,NA,NA,1,NA,NA,NA,NA,NA,NA,NA,1,"1.7456n0_3_3_1_1.5_1.5","6n5.508","implausible answer"
2,3.172,1.859,NA,1.705566,1.707022,"two sided","0.087818 < p < 0.088089","0.1 < p < 1",NA,NA,NA,NA,1,NA,NA,NA,NA,NA,NA,1,NA,"1.8066n2_0_4_B_0.25_1.75","6n7.5215",NA
3,0.008,0.004,NA,1.666667,2.428571,"two sided","0.015158 < p < 0.095581","0 < p < 0.01",NA,NA,NA,NA,1,NA,NA,NA,NA,NA,NA,1,NA,"1.7676n2_0_5_C_0.75_0.5","6n7.5215",NA
1,-0.083,0.02,NA,4.02439,4.282051,"two sided","0.000019 < p < 0.000057","0.05 < p < 1",NA,1,NA,NA,NA,NA,NA,1,NA,NA,NA,NA,NA,"4.1245g0_2_3_1.25_0.75","5g0.099999999999994307",NA
2,0.059,0.017,NA,3.342857,3.606061,"two sided","0.000311 < p < 0.000829","0.05 < p < 1",NA,1,NA,NA,NA,NA,NA,1,NA,NA,NA,NA,NA,"3.4435g0_2_3_1.25_1.5","5g0.099999999999994307",NA
1,-0.134,0.05,NA,2.643564,2.717172,"two sided","0.006584 < p < 0.008204","0.01 < p < 0.05",NA,NA,NA,NA,NA,1,NA,NA,NA,NA,NA,NA,NA,"2.7447l1_3_10_1_1.5","7l1.718","low df"
2,-0.134,0.05,NA,2.643564,2.717172,"two sided","0.006584 < p < 0.008204","0.01 < p < 0.05",NA,NA,NA,NA,NA,1,NA,NA,NA,NA,NA,NA,NA,"2.7447l1_3_10_1_1.75","7l1.718","low df"
3,0.123,0.062,NA,1.96,2.00813,"two sided","0.044629 < p < 0.049996","0.05 < p < 0.1",NA,NA,NA,NA,NA,1,NA,NA,NA,NA,NA,NA,NA,"2.067l1_3_10_2.25_1.5","7l1.718","low df"
4,0.123,0.062,NA,1.96,2.00813,"two sided","0.044629 < p < 0.049996","0.05 < p < 0.1",NA,NA,NA,NA,NA,1,NA,NA,NA,NA,NA,NA,NA,"2.067l1_3_10_2.25_1.75","7l1.718","low df"
5,0.043,0.02,NA,2.073171,2.230769,"two sided","0.025696 < p < 0.038156","0 < p < 0.01",NA,NA,NA,NA,NA,1,NA,NA,NA,NA,NA,NA,NA,"2.1737l1_3_6_0.25_0.75","7l1.718","implausible answer"
1,-0.315,0.159,NA,1.971787,1.990536,"two sided","0.046532 < p < 0.048634","0.05 < p < 0.1",NA,NA,NA,NA,NA,1,NA,NA,NA,NA,1,NA,NA,"2.0724h2_3_3_0.25_1.25","4h5.4000000000000128","author: low df"
2,-3e-04,0.0013,NA,0.218519,0.244,"two sided","0.807231 < p < 0.827025","0.01 < p < 0.05",NA,NA,NA,NA,NA,NA,1,NA,NA,NA,NA,1,NA,"0.3194h2_3_8_0.5_1.5","4h5.4000000000000128",NA
1,0.0077,0.0046,NA,1.645161,1.703297,"two sided","0.088513 < p < 0.099937","0 < p < 0.05",NA,NA,NA,NA,1,NA,NA,NA,NA,NA,NA,1,NA,"1.74513n0_0_3_0.5_0.25","13n0.29999999999999700",NA
2,0.0047,0.0019,NA,2.384615,2.567568,"two sided","0.010241 < p < 0.017097","0.05 < p < 1",NA,NA,NA,NA,NA,NA,1,NA,NA,NA,NA,1,NA,"2.48513n0_0_A_2_0.75_0.75","13n0.29999999999999700",NA
1,-0.059,0.272,NA,0.214679,0.219153,"two sided","0.826531 < p < 0.830018","0.01 < p < 0.05",NA,1,NA,NA,NA,NA,NA,1,NA,NA,NA,NA,NA,"0.3155v0_4_3_4.75_1","5v8.2014",NA
2,-0.083,0.023,NA,3.510638,3.711111,"two sided","0.000206 < p < 0.000447","0.01 < p < 0.05",NA,NA,NA,NA,1,NA,NA,1,NA,NA,NA,NA,NA,"3.6115v0_4_3_0.5_0.75","5v8.2014",NA
1,0.876,0.324,NA,2.697997,2.709428,"two sided","0.006740 < p < 0.006976","0.01 < p < 0.05",NA,NA,NA,NA,1,NA,NA,NA,NA,NA,NA,1,NA,"2.7987i4_1_2_2_0.25","7i9.346",NA
2,3.833,1.42,NA,2.689474,2.709187,"two sided","0.006745 < p < 0.007156","0.01 < p < 0.05",NA,NA,NA,NA,1,NA,NA,NA,NA,NA,NA,1,NA,"2.7897i4_1_3_1_0.75","7i9.346",NA
3,1.666,0.984,NA,1.691722,1.694459,"two sided","0.090178 < p < 0.090699","0.1 < p < 1",NA,NA,NA,NA,1,NA,NA,NA,NA,NA,NA,1,NA,"1.7927i4_1_3_1.5_0.75","7i9.346",NA
1,-1.333,0.511,NA,2.605083,2.612145,"two sided","0.008998 < p < 0.009185","0.01 < p < 0.05",NA,NA,NA,NA,NA,1,NA,NA,NA,NA,1,NA,NA,"2.7056n3_3_6_0.25_0.5","6n6.40000000000001313","author: low df"
1,3.697,1.434,NA,2.576856,2.579351,"two sided","0.009899 < p < 0.009970","0.01 < p < 0.05",NA,NA,NA,NA,NA,1,NA,NA,NA,NA,1,NA,NA,"2.6774n0_2_4_0.25_1.75","4n0.507","author: low df"
2,6.085,2.294,NA,2.651776,2.653368,"two sided","0.007969 < p < 0.008007","0.01 < p < 0.05",NA,NA,NA,NA,NA,1,NA,NA,NA,NA,1,NA,NA,"2.7524n0_2_4_0.25_2","4n0.507","author: low df"
11,-0.2,0.11,NA,1.695652,1.952381,"two sided","0.050893 < p < 0.089952","0 < p < 0.01",NA,NA,NA,NA,1,NA,NA,1,NA,NA,NA,NA,NA,"1.7966r0_3_3_B_0.25_0.75","6r8.09999999999999013",NA
12,-0.05,0.01,NA,3,11,"two sided","0.000000 < p < 0.002700","0.01 < p < 0.05",NA,NA,NA,NA,1,NA,NA,1,NA,NA,NA,NA,NA,"3.16r0_3_3_C_0.25_0.5","6r8.09999999999999013",NA
13,-0.67,0.42,NA,1.564706,1.626506,"two sided","0.103842 < p < 0.117652","0.05 < p < 0.1",NA,NA,NA,NA,1,NA,NA,1,NA,NA,NA,NA,NA,"1.6656r0_3_6_B_0.5_0.25","6r8.09999999999999013",NA
14,0.87,0.42,NA,2.035294,2.108434,"two sided","0.034993 < p < 0.041821","0.1 < p < 1",NA,NA,NA,NA,1,NA,NA,1,NA,NA,NA,NA,NA,"2.1356r0_3_6_B_0.75_0.25","6r8.09999999999999013",NA
1,-0.175,0.078,NA,2.22293,2.264516,"two sided","0.023542 < p < 0.026221","0 < p < 0.01",NA,NA,NA,NA,1,NA,NA,1,NA,NA,NA,NA,NA,"2.3236r3_2_4_5_0.25","6r3.337",NA
2,0.192,0.073,NA,2.605442,2.655172,"two sided","0.007927 < p < 0.009176","0.01 < p < 0.05",NA,NA,NA,NA,1,NA,NA,1,NA,NA,NA,NA,NA,"2.7056r3_2_A_3_0.25_1","6r3.337",NA
3,-0.094,0.049,NA,1.888889,1.948454,"two sided","0.051361 < p < 0.058907","0.01 < p < 0.05",NA,NA,NA,NA,1,NA,NA,1,NA,NA,NA,NA,NA,"1.9896r3_2_A_3_2.5_1.25","6r3.337",NA
4,-0.102,0.068,NA,1.481752,1.518519,"two sided","0.128884 < p < 0.138406","0.05 < p < 0.1",NA,NA,NA,NA,1,NA,NA,1,NA,NA,NA,NA,NA,"1.5826r3_2_A_3_2.75_1.75","6r3.337",NA
5,-0.074,0.046,NA,1.580645,1.637363,"two sided","0.101555 < p < 0.113959","0.05 < p < 0.1",NA,NA,NA,NA,1,NA,NA,1,NA,NA,NA,NA,NA,"1.6816r3_2_A_3_3.25_1.25","6r3.337",NA
6,-0.042,0.047,NA,0.873684,0.913978,"two sided","0.360728 < p < 0.382290","0.05 < p < 0.1",NA,NA,NA,NA,1,NA,NA,1,NA,NA,NA,NA,NA,"0.9746r3_2_A_3_3.75_1.5","6r3.337",NA
7,-0.101,0.034,NA,2.913043,3.029851,"two sided","0.002447 < p < 0.003579","0.01 < p < 0.05",NA,NA,NA,NA,1,NA,NA,1,NA,NA,NA,NA,NA,"3.0136r3_2_A_3_4.5_0.75","6r3.337",NA
8,0.098,0.035,NA,2.746479,2.855072,"two sided","0.004303 < p < 0.006024","0.01 < p < 0.05",NA,NA,NA,NA,1,NA,NA,1,NA,NA,NA,NA,NA,"2.8466r3_2_A_3_0.5_1.5","6r3.337",NA
9,0.101,0.065,NA,1.534351,1.573643,"two sided","0.115570 < p < 0.124943","0.05 < p < 0.1",NA,NA,NA,NA,1,NA,NA,1,NA,NA,NA,NA,NA,"1.6346r3_2_A_3_1.25_0.5","6r3.337",NA
10,-0.092,0.034,NA,2.652174,2.761194,"two sided","0.005759 < p < 0.007998","0.01 < p < 0.05",NA,NA,NA,NA,1,NA,NA,1,NA,NA,NA,NA,NA,"2.7526r3_2_A_3_2_1.5","6r3.337",NA
1,-0.41,0.13,NA,3,3.32,"two sided","0.000900 < p < 0.002700","0.05 < p < 1",NA,NA,NA,NA,1,NA,NA,NA,NA,NA,NA,1,NA,"3.18a3_0_10_0.5_1","8a3.40000000000001315",NA
1,0.0123,0.006,NA,1.884615,2.245455,"two sided","0.024739 < p < 0.059482","0 < p < 0.01",NA,NA,NA,NA,NA,1,NA,NA,NA,NA,NA,NA,NA,"1.98514e4_0_2_0.25_0.25","14e9.540","marginal"
2,0.00419,0.0044,NA,0.940449,0.964368,"two sided","0.334862 < p < 0.346987","0.01 < p < 0.05",NA,NA,NA,NA,NA,1,NA,NA,NA,NA,NA,NA,NA,"1.0414e4_0_2_0.25_0.5","14e9.540","marginal"
1,-0.11,0.007,NA,14,17.692308,"two sided","0.000000 < p < 0.000001","0.1 < p < 1",NA,NA,NA,NA,NA,1,NA,NA,NA,NA,NA,NA,NA,"14.15n4_2_6_3_0.5","5n7.3417","coding error by us"
1,NA,NA,2.5,2.495,2.505,"two sided","0.012245 < p < 0.012596","0 < p < 0.01",NA,NA,NA,NA,1,NA,NA,NA,NA,NA,NA,1,NA,"2.5955r0_3_12_0.25_0.5","5r3.5999999999999903",NA
1,0.309,0.153,NA,2.009772,NA,"two sided","0.042407 < p < 0.044455","0.05 < p < 0.1",NA,NA,NA,NA,NA,1,NA,NA,NA,NA,NA,NA,NA,"2.117g3_2_4_0.5_0.25","7g8.537","low df"
1,-0.199,0.103,NA,1.917874,1.946341,"two sided","0.051614 < p < 0.055127","0.01 < p < 0.05",NA,NA,NA,NA,NA,NA,1,NA,NA,NA,NA,1,NA,"2.0189e2_4_7_3_0.5","9e2.09999999999999219",NA
1,0.059,0.009,NA,6.157895,7,"two sided","0.000000 < p < 0.000001","0.05 < p < 0.1",NA,1,NA,NA,NA,NA,NA,1,NA,NA,NA,NA,NA,"6.2589o0_4_4_0.75_0.25","9o0.099999999999994304",NA
2,-0.67,0.255,NA,2.60274,2.652259,"two sided","0.007996 < p < 0.009248","0.01 < p < 0.05",NA,NA,NA,NA,NA,1,NA,NA,NA,NA,NA,NA,NA,"2.7039o0_4_5_1.75_0.25","9o0.099999999999994304","low df"
3,-0.29,0.144,NA,1.972318,2.055749,"two sided","0.039807 < p < 0.048573","0.05 < p < 0.1",NA,NA,NA,NA,NA,1,NA,NA,NA,NA,NA,NA,NA,"2.0729o0_4_5_2_0.25","9o0.099999999999994304","low df"
4,-0.33,0.165,NA,1.963746,2.036474,"two sided","0.041703 < p < 0.049560","0.05 < p < 0.1",NA,NA,NA,NA,NA,1,NA,NA,NA,NA,NA,NA,NA,"2.0649o0_4_6_0.75_0.25","9o0.099999999999994304","low df"
5,-0.58,0.221,NA,2.595937,2.653061,"two sided","0.007977 < p < 0.009433","0.01 < p < 0.05",NA,NA,NA,NA,NA,1,NA,NA,NA,NA,NA,NA,NA,"2.6969o0_4_6_1_0.25","9o0.099999999999994304","low df"
1,1.02,0.61,NA,1.669943,1.674323,"two sided","0.094067 < p < 0.094931","0.1 < p < 1",NA,NA,NA,NA,NA,1,NA,NA,NA,NA,1,NA,NA,"1.778g2_2_1_1.5_0.5","8g2.227","author: low df"
2,0.243,0.065,NA,3.70229,3.775194,"two sided","0.000160 < p < 0.000214","0.01 < p < 0.05",NA,NA,NA,NA,1,NA,NA,NA,NA,1,NA,NA,NA,"3.8028g2_2_3_0.25_0.75","8g2.227",NA
3,0.0297,0.118,NA,0.250211,0.253191,"two sided","0.800120 < p < 0.802424","0.01 < p < 0.05",NA,1,NA,NA,NA,NA,NA,1,NA,NA,NA,NA,NA,"0.358g2_2_5_0.5_0.5","8g2.227",NA
1,0.219,0.089,NA,2.441341,2.480226,"two sided","0.013130 < p < 0.014633","0 < p < 0.01",NA,NA,NA,NA,NA,NA,1,NA,NA,NA,NA,1,NA,"2.54111o4_4_1_A_0.75_2","11o9.0999999999999949",NA
2,28.908,11.876,NA,2.434008,2.434298,"two sided","0.014921 < p < 0.014933","0 < p < 0.01",NA,NA,NA,NA,NA,NA,1,NA,NA,NA,NA,1,NA,"2.53411o4_4_1_A_1_0.75","11o9.0999999999999949",NA
3,20.657,12.877,NA,1.604077,1.604279,"two sided","0.108653 < p < 0.108697","0.05 < p < 0.1",NA,NA,NA,NA,NA,NA,1,NA,NA,NA,NA,1,NA,"1.70411o4_4_1_A_1_1.5","11o9.0999999999999949",NA
4,0.071,0.04,NA,1.566667,2.042857,"two sided","0.041067 < p < 0.117193","0 < p < 0.01",NA,NA,NA,NA,NA,NA,1,NA,NA,NA,NA,1,NA,"1.66711o4_4_1_B_0.5_0.5","11o9.0999999999999949",NA
5,0.209,0.077,NA,2.690323,2.738562,"two sided","0.006171 < p < 0.007138","0.05 < p < 0.1",NA,NA,NA,NA,NA,NA,1,NA,NA,NA,NA,1,NA,"2.7911o4_4_1_B_1.25_0.75","11o9.0999999999999949",NA
6,-48.623,29.337,NA,1.65735,1.65744,"two sided","0.097430 < p < 0.097449","0 < p < 0.01",NA,NA,NA,NA,NA,NA,1,NA,NA,NA,NA,1,NA,"1.75711o4_4_1_B_1.5_1","11o9.0999999999999949",NA
7,0.652,0.139,NA,4.670251,4.711191,"two sided","0.000002 < p < 0.000003","0.05 < p < 0.1",NA,NA,NA,NA,NA,NA,1,NA,NA,NA,NA,1,NA,"4.7711o4_4_1_B_2_1.25","11o9.0999999999999949",NA
8,0.522,0.162,NA,3.209231,3.235294,"two sided","0.001215 < p < 0.001331","0.05 < p < 0.1",NA,NA,NA,NA,NA,NA,1,NA,NA,NA,NA,1,NA,"3.30911o4_4_1_B_2_1.5","11o9.0999999999999949",NA
9,0.469,0.051,NA,9.097087,9.29703,"two sided","0.000000 < p < 0.000001","0.05 < p < 0.1",NA,NA,NA,NA,NA,NA,1,NA,NA,NA,NA,1,NA,"9.19711o4_4_2_0.25_0.25","11o9.0999999999999949",NA
10,30.438,6.039,NA,5.039738,5.040739,"two sided","0.000000 < p < 0.000001","0.05 < p < 0.1",NA,NA,NA,NA,NA,NA,1,NA,NA,NA,NA,1,NA,"5.1411o4_4_2_0.5_0.25","11o9.0999999999999949",NA
1,-7.9,6.3,NA,1.23622,1.272,"two sided","0.203373 < p < 0.216377","0.01 < p < 0.05",NA,NA,NA,NA,NA,NA,NA,NA,NA,NA,NA,NA,NA,"1.3369n1_2_3_0.75_1","9n1.0999999999999917",NA
1,1,0.05,NA,9.090909,33.333333,"two sided","0.000000 < p < 0.000001","0.01 < p < 0.05",NA,NA,NA,NA,1,NA,NA,NA,NA,1,NA,NA,NA,"9.19110g3_4_4_0.25_0.25","10g8.339",NA
2,0.97,0.07,NA,12.866667,15,"two sided","0.000000 < p < 0.000001","0.01 < p < 0.05",NA,NA,NA,NA,1,NA,NA,NA,NA,1,NA,NA,NA,"12.96710g3_4_4_0.25_0.75","10g8.339",NA
3,0.89,0.17,NA,5.057143,5.424242,"two sided","0.000000 < p < 0.000001","0.01 < p < 0.05",NA,NA,NA,NA,1,NA,NA,NA,NA,1,NA,NA,NA,"5.15710g3_4_4_0.25_1","10g8.339",NA
4,0.93,0.17,NA,5.285714,5.666667,"two sided","0.000000 < p < 0.000001","0.01 < p < 0.05",NA,NA,NA,NA,1,NA,NA,NA,NA,1,NA,NA,NA,"5.38610g3_4_4_0.25_1.5","10g8.339",NA
5,3.97,0.87,NA,4.531429,4.595376,"two sided","0.000004 < p < 0.000006","0.01 < p < 0.05",NA,NA,NA,NA,1,NA,NA,NA,NA,1,NA,NA,NA,"4.63110g3_4_4_0.75_0.5","10g8.339",NA
1,0.144,0.065,NA,2.19084,2.24031,"two sided","0.025071 < p < 0.028463","0 < p < 0.01",NA,NA,NA,NA,1,NA,NA,NA,NA,1,NA,NA,NA,"2.2918n3_4_5_0.25_0.5","8n8.539",NA
2,-0.114,0.042,NA,2.670588,2759036,"two sided","0.005797 < p < 0.007572","0.01 < p < 0.05",NA,NA,NA,NA,NA,1,NA,NA,NA,NA,NA,NA,NA,"2.7718n3_4_5_1.25_0.75","8n8.539","low df"
3,-0.831,0.375,NA,2.211718,2.220294,"two sided","0.026399 < p < 0.026986","0.1 < p < 1",NA,NA,NA,NA,1,NA,NA,NA,NA,1,NA,NA,NA,"2.3128n3_4_7_0.75_1","8n8.539",NA
4,0.355,0.213,NA,1.660422,1.672941,"two sided","0.094339 < p < 0.096830","0.1 < p < 1",NA,NA,NA,NA,NA,1,NA,NA,NA,NA,NA,NA,NA,"1.768n3_4_9_0.75_0.75","8n8.539","low df"
1,-2.56,0.977,NA,2.618414,2.62212,"two sided","0.008738 < p < 0.008834","0.01 < p < 0.05",NA,NA,NA,NA,1,NA,NA,NA,NA,NA,NA,1,NA,"2.7186i3_0_3_1.25_1.25","6i3.0999999999999935",NA
1,0.046,0.017,NA,2.6,2.818182,"two sided","0.004830 < p < 0.009322","0.01 < p < 0.05",NA,NA,NA,NA,NA,1,NA,NA,NA,NA,1,NA,NA,"2.79r0_2_8_0.75_0.25","9r8.4000000000000107","author: low df"
2,2.092,0.685,NA,3.051058,3.056976,"two sided","0.002236 < p < 0.002280","0.01 < p < 0.05",NA,NA,NA,NA,NA,1,NA,NA,NA,NA,1,NA,NA,"3.1519r0_2_8_1.25_0.25","9r8.4000000000000107","author: low df"
3,-0.119,0.045,NA,2.604396,2.685393,"two sided","0.007244 < p < 0.009204","0.01 < p < 0.05",NA,NA,NA,NA,NA,1,NA,NA,NA,NA,1,NA,NA,"2.7049r0_2_9_0.75_0.5","9r8.4000000000000107","author: low df"
1,0.755,0.312,NA,2.4144,2.425361,"two sided","0.015293 < p < 0.015761","0.05 < p < 0.1",NA,NA,NA,NA,1,NA,NA,1,1,NA,NA,NA,NA,"2.5144g1_1_6_1.5_0.25","4g1.511",NA
9,-0.58,0.34,NA,1.666667,1.746269,"two sided","0.080764 < p < 0.095581","0.1 < p < 1",NA,NA,NA,NA,NA,1,NA,NA,NA,NA,NA,NA,NA,"1.76710n3_1_A_2_2.25_0.75","10n8.09999999999999311","low df"
10,-42.55,20.18,NA,2.107753,2.109294,"two sided","0.034919 < p < 0.035052","0.1 < p < 1",NA,NA,NA,NA,NA,1,NA,NA,NA,NA,NA,NA,NA,"2.20810n3_1_A_3_2.5_1.75","10n8.09999999999999311","low df"
11,-10.87,4.06,NA,2.672817,2.681874,"two sided","0.007321 < p < 0.007522","0.01 < p < 0.05",NA,NA,NA,NA,NA,1,NA,NA,NA,NA,NA,NA,NA,"2.77310n3_1_A_3_1.25_0.25","10n8.09999999999999311","low df"
12,-16.51,5.32,NA,3.099531,3.107244,"two sided","0.001888 < p < 0.001938","0.01 < p < 0.05",NA,NA,NA,NA,NA,1,NA,NA,NA,NA,NA,NA,NA,"3.210n3_1_A_3_1.5_1.75","10n8.09999999999999311","low df"
13,-25.53,12.55,NA,2.033055,2.035472,"two sided","0.041803 < p < 0.042047","0.1 < p < 1",NA,NA,NA,NA,NA,1,NA,NA,NA,NA,NA,NA,NA,"2.13310n3_1_A_3_2.25_1.75","10n8.09999999999999311","low df"
1,0.017,0.005,NA,3,3.888889,"two sided","0.000101 < p < 0.002700","0.01 < p < 0.05",NA,NA,NA,NA,NA,1,NA,NA,NA,NA,NA,NA,NA,"3.110n1_3_2_B_0.25_0.75","10n1.3113","low df"
2,0.032,0.007,NA,4.2,5,"two sided","0.000001 < p < 0.000027","0.01 < p < 0.05",NA,NA,NA,NA,NA,1,NA,NA,NA,NA,NA,NA,NA,"4.310n1_3_2_B_0.25_1","10n1.3113","low df"
3,0.021,0.007,NA,2.733333,3.307692,"two sided","0.000941 < p < 0.006270","0.01 < p < 0.05",NA,NA,NA,NA,NA,1,NA,NA,NA,NA,NA,NA,NA,"2.83310n1_3_2_B_0.25_1.25","10n1.3113","low df"
4,0.022,0.007,NA,2.866667,3.461538,"two sided","0.000537 < p < 0.004148","0.01 < p < 0.05",NA,NA,NA,NA,NA,1,NA,NA,NA,NA,NA,NA,NA,"2.96710n1_3_3_0.25_0.5","10n1.3113","low df"
5,-0.375,0.144,NA,2.591696,2.616725,"two sided","0.008878 < p < 0.009550","0.01 < p < 0.05",NA,NA,NA,NA,NA,1,NA,NA,NA,NA,NA,NA,NA,"2.69210n1_3_4_1.25_0.25","10n1.3113","low df"
6,-0.203,0.046,NA,4.354839,4.472527,"two sided","0.000008 < p < 0.000013","0.01 < p < 0.05",NA,NA,NA,NA,NA,1,NA,NA,NA,NA,NA,NA,NA,"4.45510n1_3_4_1.25_0.75","10n1.3113","low df"
7,-0.251,0.123,NA,2.02834,2.053061,"two sided","0.040067 < p < 0.042526","0.05 < p < 0.1",NA,NA,NA,NA,NA,1,NA,NA,NA,NA,NA,NA,NA,"2.12810n1_3_4_1.5_0.25","10n1.3113","low df"
8,0.183,0.048,NA,3.762887,3.863158,"two sided","0.000112 < p < 0.000168","0.01 < p < 0.05",NA,NA,NA,NA,NA,1,NA,NA,NA,NA,NA,NA,NA,"3.86310n1_3_4_1.75_0.75","10n1.3113","low df"
1,0.43,0.27,NA,1.545455,1.641509,"two sided","0.100692 < p < 0.122236","0.05 < p < 0.1",NA,NA,NA,NA,1,NA,NA,NA,NA,1,NA,NA,NA,"1.6453i1_1_17_0.25_1","3i9.3111",NA
2,0.059,0.05,NA,1.063636,1.322222,"two sided","0.186094 < p < 0.287493","0 < p < 0.05",NA,1,NA,NA,NA,NA,NA,1,NA,NA,NA,NA,NA,"1.1643i1_1_3_0.5_0.5","3i9.3111",NA
3,0.03,0.07,NA,0.393333,0.469231,"two sided","0.638905 < p < 0.694073","0.05 < p < 0.1",NA,1,NA,NA,NA,NA,NA,1,NA,NA,NA,NA,NA,"0.4933i1_1_3_0.5_1","3i9.3111",NA
1,-1.47,0.77,NA,1.890323,1.928105,"two sided","0.053842 < p < 0.058715","0 < p < 0.05",NA,NA,NA,NA,1,NA,NA,NA,NA,NA,NA,1,NA,"1.997i2_3_5_2.75_1.5","7i7.3213",NA
