"ID","Year","Journal","Issue","First.article.page","First.author","Table","Row","Column","Coefficient..as.reported.in.the.article.","Standard.error..as.reported.in.the.article.","t.value...z.value..as.reported.in.the.article.","Lower.derounding.bound.of.t.value..this.is.the.smallest.t.value.consistent.with.the.reported.statistical.values..rounded.to.6.decimal.places.","Upper.derounding.bound.of.t.value..this.is.the.largest.t.value.consistent.with.the.reported.statistical.values..rounded.to.6.decimal.places.","Type.of.test..as.reported.in.the.article.","p.value.interval.as.implied.by.reported.statistical.values...this.is.the.p.value.interval.corresponding.to.the.lower.and.upper.derounding.bound.of.the.t.value.and.the.type.of.test..using.the.standard.normal.distribution.and.rounded.to.6.decimal.places.","p.value.interval.as.reported.by.means.of.eye.catchers","error_id"
1,2010,"American Economic Review",100.1,420,"Abbink","3_1",4,2,0.158,0.0885,NA,1.778656,1.791973,"two sided","0.073137 < p < 0.075296","0.1 < p < 1","Abbink_420_3_1_4_2"
2,2010,"American Economic Review",100.1,420,"Abbink","3_1",4,3,0.638,0.3021,NA,2.109879,2.113888,"two sided","0.034525 < p < 0.034869","0.05 < p < 0.1","Abbink_420_3_1_4_3"
3,2010,"American Economic Review",100.1,420,"Abbink","4",4,4,0.033,0.0142,NA,2.280702,2.367491,"two sided","0.017909 < p < 0.022566","0.05 < p < 0.1","Abbink_420_4_4_4"
4,2010,"American Economic Review",100.1,420,"Abbink","4",7,1,0.322,0.1051,NA,3.057537,3.069967,"two sided","0.002141 < p < 0.002232","0.01 < p < 0.05","Abbink_420_4_7_1"
1,2008,"American Economic Review",98.4,1397,"Aghion","2",1,2,0.064,0.024,NA,2.591837,2.744681,"two sided","0.006057 < p < 0.009547","0.01 < p < 0.05","Aghion_1397_2_1_2"
2,2010,"Quarterly Journal of Economics",125.3,1015,"Aghion","1_B",1,3,0.531,0.201,NA,2.632754,2.650873,"two sided","0.008028 < p < 0.008470","0.01 < p < 0.05","Aghion_1015_1_B_1_3"
3,2010,"Quarterly Journal of Economics",125.3,1015,"Aghion","7",1,2,0.073,0.036,NA,1.986301,2.070423,"two sided","0.038413 < p < 0.047000","0.05 < p < 0.1","Aghion_1015_7_1_2"
4,2010,"Quarterly Journal of Economics",125.3,1015,"Aghion","7",10,3,0.049,0.028,NA,1.701754,1.8,"two sided","0.071861 < p < 0.088801","0.1 < p < 1","Aghion_1015_7_10_3"
5,2010,"Quarterly Journal of Economics",125.3,1015,"Aghion","7",10,4,0.264,0.098,NA,2.675127,2.712821,"two sided","0.006671 < p < 0.007470","0.01 < p < 0.05","Aghion_1015_7_10_4"
6,2010,"Quarterly Journal of Economics",125.3,1015,"Aghion","7",11,4,0.244,0.088,NA,2.751412,2.794286,"two sided","0.005201 < p < 0.005934","0.01 < p < 0.05","Aghion_1015_7_11_4"
7,2010,"Quarterly Journal of Economics",125.3,1015,"Aghion","7",9,4,-0.008,0.141,NA,0.053004,0.060498,"two sided","0.951759 < p < 0.957729","0 < p < 0.01","Aghion_1015_7_9_4"
8,2005,"Quarterly Journal of Economics",120.1,173,"Aghion","1",2,9,NA,NA,1.66,1.655,1.665,"two sided","0.095913 < p < 0.097924","0.1 < p < 1","Aghion_173_1_2_9"
9,2005,"Quarterly Journal of Economics",120.1,173,"Aghion","4",2,1,NA,NA,1.66,1.655,1.665,"two sided","0.095913 < p < 0.097924","0.1 < p < 1","Aghion_173_4_2_1"
10,2005,"Quarterly Journal of Economics",120.1,173,"Aghion","6",2,12,NA,NA,-1.81,1.805,1.815,"two sided","0.069524 < p < 0.071075","0.1 < p < 1","Aghion_173_6_2_12"
1,2007,"American Economic Review",97.4,1507,"Alesina","10",2,4,-0.041,0.025,NA,1.588235,1.693878,"two sided","0.090289 < p < 0.112233","0.01 < p < 0.05","Alesina_1507_10_2_4"
2,2011,"American Economic Review",101.5,1872,"Alesina","10_3",2,1,-2.917,1.108,NA,2.631033,2.634312,"two sided","0.008431 < p < 0.008513","0.01 < p < 0.05","Alesina_1872_10_3_2_1"
3,2011,"American Economic Review",101.5,1872,"Alesina","10_4",1,1,-2.845,1.097,NA,2.5918,2.595075,"two sided","0.009457 < p < 0.009548","0.01 < p < 0.05","Alesina_1872_10_4_1_1"
4,2011,"American Economic Review",101.5,1872,"Alesina","7_E",1,2,-3.61,1.38,NA,2.602888,2.629091,"two sided","0.008561 < p < 0.009244","0.01 < p < 0.05","Alesina_1872_7_E_1_2"
5,2011,"American Economic Review",101.5,1872,"Alesina","8_3",2,4,-19.01,7.37,NA,2.576949,2.581806,"two sided","0.009828 < p < 0.009968","0.01 < p < 0.05","Alesina_1872_8_3_2_4"
6,2011,"American Economic Review",101.5,1872,"Alesina","9_1",1,3,-0.296,0.146,NA,2.017065,2.037801,"two sided","0.041570 < p < 0.043689","0.05 < p < 0.1","Alesina_1872_9_1_1_3"
7,2011,"American Economic Review",101.5,1872,"Alesina","9_1",1,6,-0.487,0.188,NA,2.580902,2.6,"two sided","0.009322 < p < 0.009854","0.01 < p < 0.05","Alesina_1872_9_1_1_6"
1,2010,"American Economic Review",100.5,2060,"Algan","10",1,1,22903.31,8709.25,NA,2.629766,2.62977,"two sided","0.008544 < p < 0.008544","0.01 < p < 0.05","Algan_2060_10_1_1"
2,2010,"American Economic Review",100.5,2060,"Algan","10",1,2,17286.24,6346.56,NA,2.723715,2.723721,"two sided","0.006455 < p < 0.006455","0.01 < p < 0.05","Algan_2060_10_1_2"
3,2010,"American Economic Review",100.5,2060,"Algan","11",1,5,31429.61,10778.15,NA,2.916047,2.91605,"two sided","0.003545 < p < 0.003545","0.05 < p < 0.1","Algan_2060_11_1_5"
4,2010,"American Economic Review",100.5,2060,"Algan","12",1,3,32265.39,8765.55,NA,3.680929,3.680934,"two sided","0.000232 < p < 0.000232","0.01 < p < 0.05","Algan_2060_12_1_3"
5,2010,"American Economic Review",100.5,2060,"Algan","14",1,3,26249.95,7060.58,NA,3.717814,3.717821,"two sided","0.000201 < p < 0.000201","0.01 < p < 0.05","Algan_2060_14_1_3"
6,2010,"American Economic Review",100.5,2060,"Algan","7",1,2,26124.64,9079.68,NA,2.877262,2.877267,"two sided","0.004011 < p < 0.004011","0.01 < p < 0.05","Algan_2060_7_1_2"
7,2010,"American Economic Review",100.5,2060,"Algan","9",1,2,15499.99,5085.94,NA,3.047612,3.04762,"two sided","0.002307 < p < 0.002307","0.01 < p < 0.05","Algan_2060_9_1_2"
1,2006,"Journal of Political Economy",114.4,672,"Almond","5",14,1,0.0461,0.224,NA,0.205122,0.206488,"two sided","0.836410 < p < 0.837476","0.01 < p < 0.05","Almond_672_5_14_1"
2,2006,"Journal of Political Economy",114.4,672,"Almond","5",5,1,-0.101,0.07,NA,1.425532,1.460432,"two sided","0.144171 < p < 0.154004","0 < p < 0.01","Almond_672_5_5_1"
3,2006,"Journal of Political Economy",114.4,672,"Almond","5",9,1,-0.165,0.0719,NA,2.28631,2.30341,"two sided","0.021256 < p < 0.022236","0 < p < 0.01","Almond_672_5_9_1"
4,2009,"Quarterly Journal of Economics",124.4,1729,"Almond","4_3",4,4,-6.185,2.968,NA,2.083375,2.084414,"two sided","0.037122 < p < 0.037217","0.05 < p < 0.1","Almond_1729_4_3_4_4"
5,2009,"Quarterly Journal of Economics",124.4,1729,"Almond","8",4,3,0.353,0.144,NA,2.439446,2.463415,"two sided","0.013762 < p < 0.014710","0 < p < 0.01","Almond_1729_8_4_3"
1,2008,"Journal of Political Economy",116.5,881,"Ambrus","4",2,1,4.698,2.411,NA,1.947958,1.949181,"two sided","0.051274 < p < 0.051420","0.1 < p < 1","Ambrus_881_4_2_1"
2,2008,"Journal of Political Economy",116.5,881,"Ambrus","4",2,3,4.157,2.355,NA,1.764594,1.765768,"two sided","0.077435 < p < 0.077632","0.1 < p < 1","Ambrus_881_4_2_3"
3,2008,"Journal of Political Economy",116.5,881,"Ambrus","4",3,2,-0.387,0.201,NA,1.918114,1.932668,"two sided","0.053277 < p < 0.055097","0.1 < p < 1","Ambrus_881_4_3_2"
4,2008,"Journal of Political Economy",116.5,881,"Ambrus","4",3,3,-0.303,0.16,NA,1.884735,1.902821,"two sided","0.057064 < p < 0.059466","0.01 < p < 0.05","Ambrus_881_4_3_3"
5,2010,"Quarterly Journal of Economics",125.3,1349,"Ambrus","2",2,4,-100898.032,37267.146,NA,2.707426,2.707426,"two sided","0.006781 < p < 0.006781","0.01 < p < 0.05","Ambrus_1349_2_2_4"
6,2010,"Quarterly Journal of Economics",125.3,1349,"Ambrus","2",2,5,-0.168,0.083,NA,2.005988,2.042424,"two sided","0.041109 < p < 0.044858","0.05 < p < 0.1","Ambrus_1349_2_2_5"
7,2010,"Quarterly Journal of Economics",125.3,1349,"Ambrus","2",2,6,-27795.61,9925.36,NA,2.800463,2.800464,"two sided","0.005103 < p < 0.005103","0.01 < p < 0.05","Ambrus_1349_2_2_6"
8,2010,"Quarterly Journal of Economics",125.3,1349,"Ambrus","2",5,6,-22906.98,8224.494,NA,2.785214,2.785215,"two sided","0.005349 < p < 0.005349","0.01 < p < 0.05","Ambrus_1349_2_5_6"
9,2010,"Quarterly Journal of Economics",125.3,1349,"Ambrus","2",6,6,29244.494,10210.65,NA,2.864117,2.864117,"two sided","0.004182 < p < 0.004182","0.01 < p < 0.05","Ambrus_1349_2_6_6"
10,2010,"Quarterly Journal of Economics",125.3,1349,"Ambrus","2",7,6,4930.57,2510.014,NA,1.964357,1.964362,"two sided","0.049488 < p < 0.049489","0.05 < p < 0.1","Ambrus_1349_2_7_6"
11,2010,"Quarterly Journal of Economics",125.3,1349,"Ambrus","2",9,4,-89252.901,54203.525,NA,1.646625,1.646625,"two sided","0.099635 < p < 0.099635","0.1 < p < 1","Ambrus_1349_2_9_4"
12,2010,"Quarterly Journal of Economics",125.3,1349,"Ambrus","2",9,6,-27738.54,10648.248,NA,2.604986,2.604987,"two sided","0.009188 < p < 0.009188","0.01 < p < 0.05","Ambrus_1349_2_9_6"
1,2011,"American Economic Review",101.4,1629,"Amin","1",4,7,0.036,0.021,NA,1.651163,1.780488,"two sided","0.074996 < p < 0.098705","0.1 < p < 1","Amin_1629_1_4_7"
2,2011,"American Economic Review",101.4,1629,"Amin","1",5,7,0.035,0.019,NA,1.769231,1.918919,"two sided","0.054995 < p < 0.076855","0.1 < p < 1","Amin_1629_1_5_7"
3,2011,"American Economic Review",101.4,1629,"Amin","A_1",4,3,0.036,0.021,NA,1.651163,1.780488,"two sided","0.074996 < p < 0.098705","0.1 < p < 1","Amin_1629_A_1_4_3"
4,2011,"American Economic Review",101.4,1629,"Amin","A_1",5,3,0.035,0.019,NA,1.769231,1.918919,"two sided","0.054995 < p < 0.076855","0.1 < p < 1","Amin_1629_A_1_5_3"
1,2011,"Quarterly Journal of Economics",126.4,1841,"Amiti","2",2,4,0.155,0.062,NA,2.472,2.528455,"two sided","0.011457 < p < 0.013436","0 < p < 0.01","Amiti_1841_2_2_4"
1,2010,"Quarterly Journal of Economics",125.2,729,"Anderson","10",1,1,-0.126,0.053,NA,2.345794,2.409524,"two sided","0.015973 < p < 0.018987","0 < p < 0.01","Anderson_729_10_1_1"
2,2010,"Quarterly Journal of Economics",125.2,729,"Anderson","10",6,1,1.004,0.062,NA,16.056,16.333333,"two sided","0.000000 < p < 0.000001","0.05 < p < 1","Anderson_729_10_6_1"
3,2010,"Quarterly Journal of Economics",125.2,729,"Anderson","3",5,3,-6.9,2.6,NA,2.584906,2.72549,"two sided","0.006421 < p < 0.009741","0.01 < p < 0.05","Anderson_729_3_5_3"
1,2005,"American Economic Review",95.5,1712,"Ashcraft","1_A",2,5,-0.0097,0.0053,NA,1.803738,1.857143,"two sided","0.063291 < p < 0.071272","0.01 < p < 0.05","Ashcraft_1712_1_A_2_5"
2,2005,"American Economic Review",95.5,1712,"Ashcraft","4_A",2,2,-0.2746,0.071,NA,3.83986,3.895745,"two sided","0.000098 < p < 0.000123","0.01 < p < 0.05","Ashcraft_1712_4_A_2_2"
3,2005,"American Economic Review",95.5,1712,"Ashcraft","4_A",3,3,-0.099,0.0333,NA,2.953523,2.992481,"two sided","0.002767 < p < 0.003142","0.01 < p < 0.05","Ashcraft_1712_4_A_3_3"
4,2005,"American Economic Review",95.5,1712,"Ashcraft","4_A",4,2,-0.1024,0.0506,NA,2.020731,2.026706,"two sided","0.042692 < p < 0.043308","0.05 < p < 0.1","Ashcraft_1712_4_A_4_2"
5,2005,"American Economic Review",95.5,1712,"Ashcraft","4_A",4,4,-0.127,0.0813,NA,1.555009,1.569231,"two sided","0.116594 < p < 0.119944","0.05 < p < 0.1","Ashcraft_1712_4_A_4_4"
1,2006,"Quarterly Journal of Economics",121.2,635,"Ashraf","6",1,1,234.678,101.748,NA,2.306447,2.306479,"two sided","0.021084 < p < 0.021086","0.05 < p < 0.1","Ashraf_635_6_1_1"
2,2006,"Quarterly Journal of Economics",121.2,635,"Ashraf","6",1,5,0.102,3.82,NA,0.026536,0.026868,"two sided","0.978565 < p < 0.978830","0 < p < 0.01","Ashraf_635_6_1_5"
3,2006,"Quarterly Journal of Economics",121.2,635,"Ashraf","7",1,2,118.04,3.926,NA,30.062269,30.070182,"two sided","0.000000 < p < 0.000001","0.1 < p < 1","Ashraf_635_7_1_2"
4,2006,"Quarterly Journal of Economics",121.2,635,"Ashraf","7",1,3,317.49,19.913,NA,15.94343,15.944281,"two sided","0.000000 < p < 0.000001","0.01 < p < 0.05","Ashraf_635_7_1_3"
5,2006,"Quarterly Journal of Economics",121.2,635,"Ashraf","7",10,3,21.58,8.512,NA,2.535037,2.535452,"two sided","0.011230 < p < 0.011244","0.1 < p < 1","Ashraf_635_7_10_3"
6,2006,"Quarterly Journal of Economics",121.2,635,"Ashraf","7",11,3,37.62,129.382,NA,0.290762,0.290772,"two sided","0.771226 < p < 0.771233","0 < p < 0.01","Ashraf_635_7_11_3"
7,2006,"Quarterly Journal of Economics",121.2,635,"Ashraf","7",11,4,15.03,4.896,NA,3.069437,3.070269,"two sided","0.002139 < p < 0.002145","0.05 < p < 0.1","Ashraf_635_7_11_4"
8,2006,"Quarterly Journal of Economics",121.2,635,"Ashraf","7",13,2,8.74,9.395,NA,0.930179,0.930385,"two sided","0.352172 < p < 0.352278","0 < p < 0.01","Ashraf_635_7_13_2"
9,2006,"Quarterly Journal of Economics",121.2,635,"Ashraf","7",13,3,6.55,54.939,NA,0.119213,0.119233,"two sided","0.905091 < p < 0.905107","0 < p < 0.01","Ashraf_635_7_13_3"
10,2006,"Quarterly Journal of Economics",121.2,635,"Ashraf","7",13,4,6.55,7.744,NA,0.845697,0.845935,"two sided","0.397589 < p < 0.397722","0 < p < 0.01","Ashraf_635_7_13_4"
11,2006,"Quarterly Journal of Economics",121.2,635,"Ashraf","7",15,4,61.77,251.61,NA,0.245497,0.245501,"two sided","0.806068 < p < 0.806072","0 < p < 0.01","Ashraf_635_7_15_4"
12,2006,"Quarterly Journal of Economics",121.2,635,"Ashraf","7",17,4,172.17,8.994,NA,19.141642,19.143882,"two sided","0.000000 < p < 0.000001","0.1 < p < 1","Ashraf_635_7_17_4"
13,2006,"Quarterly Journal of Economics",121.2,635,"Ashraf","7",18,3,265.06,18.646,NA,14.214973,14.215789,"two sided","0.000000 < p < 0.000001","0.1 < p < 1","Ashraf_635_7_18_3"
14,2006,"Quarterly Journal of Economics",121.2,635,"Ashraf","7",2,3,327.15,274.125,NA,1.19343,1.193438,"two sided","0.232698 < p < 0.232701","0.01 < p < 0.05","Ashraf_635_7_2_3"
15,2006,"Quarterly Journal of Economics",121.2,635,"Ashraf","7",3,3,20,12.109,NA,1.651555,1.651774,"two sided","0.098581 < p < 0.098625","0.1 < p < 1","Ashraf_635_7_3_3"
16,2006,"Quarterly Journal of Economics",121.2,635,"Ashraf","7",5,2,50.3,109.491,NA,0.459392,0.459405,"two sided","0.645943 < p < 0.645953","0 < p < 0.01","Ashraf_635_7_5_2"
17,2006,"Quarterly Journal of Economics",121.2,635,"Ashraf","7",7,2,56.33,135.428,NA,0.415935,0.415946,"two sided","0.677450 < p < 0.677457","0 < p < 0.01","Ashraf_635_7_7_2"
18,2006,"Quarterly Journal of Economics",121.2,635,"Ashraf","7",7,3,42.51,2.272,NA,18.706051,18.714726,"two sided","0.000000 < p < 0.000001","0.01 < p < 0.05","Ashraf_635_7_7_3"
19,2006,"Quarterly Journal of Economics",121.2,635,"Ashraf","7",9,3,62,141.573,NA,0.437932,0.437942,"two sided","0.661429 < p < 0.661436","0 < p < 0.01","Ashraf_635_7_9_3"
20,2009,"American Economic Review",99.4,1245,"Ashraf","3",2,2,-0.262,0.095,NA,2.73822,2.777778,"two sided","0.005473 < p < 0.006177","0.01 < p < 0.05","Ashraf_1245_3_2_2"
21,2009,"American Economic Review",99.4,1245,"Ashraf","3",2,5,0.18,0.088,NA,1.977401,2.114286,"two sided","0.034491 < p < 0.047996","0.05 < p < 0.1","Ashraf_1245_3_2_5"
22,2009,"American Economic Review",99.4,1245,"Ashraf","3",2,6,0.151,0.093,NA,1.609626,1.637838,"two sided","0.101456 < p < 0.107480","0.05 < p < 0.1","Ashraf_1245_3_2_6"
23,2009,"American Economic Review",99.4,1245,"Ashraf","4",3,2,-0.726,0.276,NA,2.62387,2.637024,"two sided","0.008364 < p < 0.008694","0.01 < p < 0.05","Ashraf_1245_4_3_2"
24,2009,"American Economic Review",99.4,1245,"Ashraf","4",4,1,-0.521,0.217,NA,2.393103,2.408776,"two sided","0.016006 < p < 0.016707","0 < p < 0.01","Ashraf_1245_4_4_1"
25,2009,"American Economic Review",99.4,1245,"Ashraf","4",4,3,0.397,0.196,NA,2.017812,2.033248,"two sided","0.042027 < p < 0.043611","0.05 < p < 0.1","Ashraf_1245_4_4_3"
26,2009,"American Economic Review",99.4,1245,"Ashraf","4",6,3,-0.562,0.234,NA,2.394456,2.408994,"two sided","0.015997 < p < 0.016645","0 < p < 0.01","Ashraf_1245_4_6_3"
27,2009,"American Economic Review",99.4,1245,"Ashraf","A_3_1",1,1,-0.166,0.107,NA,1.539535,1.56338,"two sided","0.117963 < p < 0.123674","0.05 < p < 0.1","Ashraf_1245_A_3_1_1_1"
28,2009,"American Economic Review",99.4,1245,"Ashraf","A_3_1",1,3,0.146,0.085,NA,1.701754,1.733728,"two sided","0.082966 < p < 0.088801","0.1 < p < 1","Ashraf_1245_A_3_1_1_3"
29,2009,"American Economic Review",99.4,1245,"Ashraf","A_3_1",2,5,0.139,0.082,NA,1.678788,1.711656,"two sided","0.086960 < p < 0.093193","0.1 < p < 1","Ashraf_1245_A_3_1_2_5"
30,2009,"American Economic Review",99.4,1245,"Ashraf","A_3_2",1,6,-0.201,0.077,NA,2.587097,2.633987,"two sided","0.008439 < p < 0.009679","0.01 < p < 0.05","Ashraf_1245_A_3_2_1_6"
31,2009,"American Economic Review",99.4,1245,"Ashraf","A_4_1",1,3,0.246,0.089,NA,2.743017,2.785311,"two sided","0.005348 < p < 0.006088","0.01 < p < 0.05","Ashraf_1245_A_4_1_1_3"
32,2009,"American Economic Review",99.4,1245,"Ashraf","A_4_1",2,1,-0.275,0.099,NA,2.758794,2.796954,"two sided","0.005159 < p < 0.005802","0.1 < p < 1","Ashraf_1245_A_4_1_2_1"
33,2009,"American Economic Review",99.4,1245,"Ashraf","A_4_1",2,5,0.221,0.078,NA,2.808917,2.858065,"two sided","0.004262 < p < 0.004971","0.01 < p < 0.05","Ashraf_1245_A_4_1_2_5"
34,2009,"American Economic Review",99.4,1245,"Ashraf","A_4_1",3,4,0.582,0.209,NA,2.775656,2.793765,"two sided","0.005210 < p < 0.005509","0.01 < p < 0.05","Ashraf_1245_A_4_1_3_4"
35,2009,"American Economic Review",99.4,1245,"Ashraf","A_4_2",1,6,-0.137,0.075,NA,1.807947,1.845638,"two sided","0.064945 < p < 0.070615","0.01 < p < 0.05","Ashraf_1245_A_4_2_1_6"
1,2010,"Journal of Political Economy",118.3,599,"Asker","6",10,2,0.128,0.069,NA,1.834532,1.875912,"two sided","0.060667 < p < 0.066575","0.1 < p < 1","Asker_599_6_10_2"
2,2010,"Journal of Political Economy",118.3,599,"Asker","6",6,3,0.26,0.078,NA,3.305732,3.36129,"two sided","0.000776 < p < 0.000947","0.01 < p < 0.05","Asker_599_6_6_3"
1,2007,"Quarterly Journal of Economics",122.4,1721,"Bartel","3",1,1,-0.805,0.34,NA,2.331884,2.404478,"two sided","0.016196 < p < 0.019707","0 < p < 0.01","Bartel_1721_3_1_1"
2,2007,"Quarterly Journal of Economics",122.4,1721,"Bartel","3",2,4,-0.168,0.067,NA,2.481481,2.533835,"two sided","0.011282 < p < 0.013084","0 < p < 0.01","Bartel_1721_3_2_4"
3,2007,"Quarterly Journal of Economics",122.4,1721,"Bartel","3",3,5,-0.915,0.45,NA,2.00989,2.057303,"two sided","0.039657 < p < 0.044443","0.05 < p < 0.1","Bartel_1721_3_3_5"
4,2007,"Quarterly Journal of Economics",122.4,1721,"Bartel","3",5,4,0.093,0.055,NA,1.666667,1.715596,"two sided","0.086236 < p < 0.095581","0.1 < p < 1","Bartel_1721_3_5_4"
5,2007,"Quarterly Journal of Economics",122.4,1721,"Bartel","4",2,4,0.804,0.411,NA,1.952612,1.959805,"two sided","0.050019 < p < 0.050866","0.01 < p < 0.05","Bartel_1721_4_2_4"
6,2007,"Quarterly Journal of Economics",122.4,1721,"Bartel","4",2,8,0.818,0.434,NA,1.881473,1.88812,"two sided","0.059010 < p < 0.059908","0.01 < p < 0.05","Bartel_1721_4_2_8"
1,2009,"American Economic Review",99.4,1218,"Besley","1",1,2,0.647,0.191,NA,3.375979,3.39895,"two sided","0.000676 < p < 0.000736","0.01 < p < 0.05","Besley_1218_1_1_2"
2,2009,"American Economic Review",99.4,1218,"Besley","1",2,1,0.953,0.059,NA,16.008403,16.299145,"two sided","0.000000 < p < 0.000001","0.1 < p < 1","Besley_1218_1_2_1"
3,2009,"American Economic Review",99.4,1218,"Besley","2",1,2,0.598,0.241,NA,2.47412,2.488565,"two sided","0.012826 < p < 0.013356","0 < p < 0.01","Besley_1218_2_1_2"
4,2009,"American Economic Review",99.4,1218,"Besley","2",2,1,0.143,0.077,NA,1.83871,1.875817,"two sided","0.060680 < p < 0.065958","0.1 < p < 1","Besley_1218_2_2_1"
1,2006,"Quarterly Journal of Economics",121.3,999,"Bjoerklund","3",6,4,0.062,0.026,NA,2.320755,2.45098,"two sided","0.014247 < p < 0.020300","0 < p < 0.01","Bjoerklund_999_3_6_4"
1,2005,"Quarterly Journal of Economics",120.2,669,"Black","4",3,4,0.001,0.008,NA,0.058824,0.2,"two sided","0.841481 < p < 0.953093","0 < p < 0.05","Black_669_4_3_4"
2,2005,"Quarterly Journal of Economics",120.2,669,"Black","6",1,9,-0.284,0.172,NA,1.643478,1.658892,"two sided","0.097138 < p < 0.100284","0 < p < 0.05","Black_669_6_1_9"
3,2005,"Quarterly Journal of Economics",120.2,669,"Black","9",14,4,-0.212,0.087,NA,2.417143,2.456647,"two sided","0.014024 < p < 0.015643","0.05 < p < 1","Black_669_9_14_4"
1,2007,"Quarterly Journal of Economics",122.1,73,"Bleakey","2_A",2,1,0.0608,0.0261,NA,2.323136,2.335893,"two sided","0.019497 < p < 0.020172","0 < p < 0.01","Bleakey_73_2_A_2_1"
2,2007,"Quarterly Journal of Economics",122.1,73,"Bleakey","4",2,4,-0.0212,0.0124,NA,1.698795,1.720648,"two sided","0.085315 < p < 0.089358","0.1 < p < 1","Bleakey_73_4_2_4"
1,2009,"American Economic Review",99.1,350,"Boivin","4",2,7,0.313,0.111,NA,2.802691,2.837104,"two sided","0.004552 < p < 0.005068","0.01 < p < 0.05","Boivin_350_4_2_7"
2,2009,"American Economic Review",99.1,350,"Boivin","6",4,4,-0.034,0.013,NA,2.481481,2.76,"two sided","0.005780 < p < 0.013084","0.05 < p < 1","Boivin_350_6_4_4"
14,2009,"Journal of Political Economy",117.4,668,"Brown","4",1,4,0.498,0.192,NA,2.584416,2.603133,"two sided","0.009238 < p < 0.009754","0.01 < p < 0.05","Brown_668_4_1_4"
16,2010,"Quarterly Journal of Economics",125.2,859,"Brown","4",4,1,-0.47,0.266,NA,1.761726,1.772128,"two sided","0.076373 < p < 0.078116","0.01 < p < 0.05","Brown_859_4_4_1"
17,2011,"Journal of Political Economy",119.5,982,"Brown","2",1,3,1.358,0.726,NA,1.868548,1.872502,"two sided","0.061137 < p < 0.061686","0.01 < p < 0.05","Brown_982_2_1_3"
18,2011,"Journal of Political Economy",119.5,982,"Brown","2",2,3,0.804,0.318,NA,2.522763,2.533858,"two sided","0.011281 < p < 0.011644","0 < p < 0.01","Brown_982_2_2_3"
19,2011,"Journal of Political Economy",119.5,982,"Brown","4",3,3,1.21,0.484,NA,2.496388,2.503619,"two sided","0.012293 < p < 0.012547","0 < p < 0.01","Brown_982_4_3_3"
20,2011,"Journal of Political Economy",119.5,982,"Brown","5",2,4,2.276,0.961,NA,2.366615,2.37012,"two sided","0.017782 < p < 0.017952","0 < p < 0.01","Brown_982_5_2_4"
21,2011,"Journal of Political Economy",119.5,982,"Brown","5",4,3,0.669,0.365,NA,1.829001,1.836763,"two sided","0.066245 < p < 0.067399","0.01 < p < 0.05","Brown_982_5_4_3"
22,2011,"Journal of Political Economy",119.5,982,"Brown","5",5,3,1.377,0.369,NA,3.725304,3.738128,"two sided","0.000185 < p < 0.000195","0.01 < p < 0.05","Brown_982_5_5_3"
1,2006,"Journal of Political Economy",114.1,61,"Brown","4",6,2,0.173,0.072,NA,2.37931,2.426573,"two sided","0.015242 < p < 0.017345","0 < p < 0.01","Brown_61_4_6_2"
2,2006,"Journal of Political Economy",114.1,61,"Brown","4",7,2,0.012,0.006,NA,1.769231,2.272727,"two sided","0.023043 < p < 0.076855","0 < p < 0.01","Brown_61_4_7_2"
3,2006,"Journal of Political Economy",114.1,61,"Brown","6",2,4,0.451,0.182,NA,2.468493,2.487603,"two sided","0.012861 < p < 0.013568","0 < p < 0.01","Brown_61_6_2_4"
4,2006,"Journal of Political Economy",114.1,61,"Brown","6",4,3,0.362,0.143,NA,2.519164,2.54386,"two sided","0.010964 < p < 0.011763","0 < p < 0.01","Brown_61_6_4_3"
5,2006,"Journal of Political Economy",114.1,61,"Brown","6",6,4,0.355,0.143,NA,2.470383,2.494737,"two sided","0.012605 < p < 0.013497","0 < p < 0.01","Brown_61_6_6_4"
6,2006,"Journal of Political Economy",114.1,61,"Brown","A_1",1,3,-0.026,0.011,NA,2.217391,2.52381,"two sided","0.011609 < p < 0.026596","0 < p < 0.01","Brown_61_A_1_1_3"
7,2006,"Journal of Political Economy",114.1,61,"Brown","A_1",3,3,-0.026,0.011,NA,2.217391,2.52381,"two sided","0.011609 < p < 0.026596","0 < p < 0.01","Brown_61_A_1_3_3"
8,2006,"Journal of Political Economy",114.1,61,"Brown","A_2",2,3,0.189,0.116,NA,1.618026,1.640693,"two sided","0.100861 < p < 0.105657","0.05 < p < 0.1","Brown_61_A_2_2_3"
9,2006,"Journal of Political Economy",114.1,61,"Brown","A_2",4,3,0.179,0.115,NA,1.545455,1.567686,"two sided","0.116955 < p < 0.122236","0.05 < p < 0.1","Brown_61_A_2_4_3"
10,2006,"Journal of Political Economy",114.1,61,"Brown","A_2",5,1,0.064,0.026,NA,2.396226,2.529412,"two sided","0.011425 < p < 0.016565","0 < p < 0.01","Brown_61_A_2_5_1"
11,2006,"Journal of Political Economy",114.1,61,"Brown","A_2",6,4,0.363,0.144,NA,2.508651,2.533101,"two sided","0.011306 < p < 0.012119","0 < p < 0.01","Brown_61_A_2_6_4"
12,2008,"Quarterly Journal of Economics",123.4,1679,"Brown","10",4,2,-0.254,0.107,NA,2.35814,2.389671,"two sided","0.016863 < p < 0.018367","0 < p < 0.01","Brown_1679_10_4_2"
13,2008,"Quarterly Journal of Economics",123.4,1679,"Brown","10",4,3,-0.239,0.101,NA,2.349754,2.383085,"two sided","0.017168 < p < 0.018786","0 < p < 0.01","Brown_1679_10_4_3"
1,2005,"American Economic Review",95.3,780,"Burgess","2",3,2,1.15,0.42,NA,2.694118,2.783133,"two sided","0.005384 < p < 0.007058","0.01 < p < 0.05","Burgess_780_2_3_2"
2,2005,"American Economic Review",95.3,780,"Burgess","3",1,1,2.09,0.79,NA,2.622642,2.66879,"two sided","0.007613 < p < 0.008725","0.01 < p < 0.05","Burgess_780_3_1_1"
3,2005,"American Economic Review",95.3,780,"Burgess","3",1,3,-4.74,1.79,NA,2.637883,2.658263,"two sided","0.007854 < p < 0.008343","0.01 < p < 0.05","Burgess_780_3_1_3"
4,2005,"American Economic Review",95.3,780,"Burgess","3",1,5,-4.1,1.46,NA,2.764505,2.852234,"two sided","0.004341 < p < 0.005701","0.01 < p < 0.05","Burgess_780_3_1_5"
5,2005,"American Economic Review",95.3,780,"Burgess","4",2,2,-2.22,0.78,NA,2.821656,2.870968,"two sided","0.004092 < p < 0.004778","0.01 < p < 0.05","Burgess_780_4_2_2"
6,2005,"American Economic Review",95.3,780,"Burgess","5",1,1,-4.12,1.54,NA,2.66343,2.687296,"two sided","0.007203 < p < 0.007735","0.01 < p < 0.05","Burgess_780_5_1_1"
1,2011,"American Economic Review",101.1,304,"Bustos","3_B",1,6,-0.262,0.101,NA,2.576355,2.61194,"two sided","0.009003 < p < 0.009985","0.01 < p < 0.05","Bustos_304_3_B_1_6"
2,2011,"American Economic Review",101.1,304,"Bustos","8_A",1,3,-1.304,0.498,NA,2.614845,2.622111,"two sided","0.008739 < p < 0.008927","0.01 < p < 0.05","Bustos_304_8_A_1_3"
3,2011,"American Economic Review",101.1,304,"Bustos","9_A",1,8,-0.252,0.097,NA,2.579487,2.61658,"two sided","0.008882 < p < 0.009895","0.01 < p < 0.05","Bustos_304_9_A_1_8"
4,2011,"American Economic Review",101.1,304,"Bustos","9_B",1,5,-0.393,0.151,NA,2.590759,2.614618,"two sided","0.008933 < p < 0.009576","0.01 < p < 0.05","Bustos_304_9_B_1_5"
1,2008,"Journal of Political Economy",116.3,381,"Cortes","11",3,2,-0.206,0.101,NA,2.024631,2.054726,"two sided","0.039905 < p < 0.042905","0.05 < p < 0.1","Cortes_381_11_3_2"
2,2008,"Journal of Political Economy",116.3,381,"Cortes","8",2,1,-0.085,0.041,NA,2.036145,2.111111,"two sided","0.034763 < p < 0.041736","0 < p < 0.01","Cortes_381_8_2_1"
3,2008,"Journal of Political Economy",116.3,381,"Cortes","B_2",1,2,0.217,0.073,NA,2.945578,3,"two sided","0.002700 < p < 0.003224","0.01 < p < 0.05","Cortes_381_B_2_1_2"
1,2007,"American Economic Review",97.4,1467,"Costa","3",2,3,0.024,0.008,NA,2.764706,3.266667,"two sided","0.001088 < p < 0.005697","0.01 < p < 0.05","Costa_1467_3_2_3"
2,2007,"American Economic Review",97.4,1467,"Costa","3",3,2,0.464,0.14,NA,3.196552,3.440741,"two sided","0.000580 < p < 0.001391","0.01 < p < 0.05","Costa_1467_3_3_2"
3,2007,"American Economic Review",97.4,1467,"Costa","3",3,3,0.521,0.139,NA,3.731183,3.765343,"two sided","0.000166 < p < 0.000191","0.01 < p < 0.05","Costa_1467_3_3_3"
4,2007,"American Economic Review",97.4,1467,"Costa","4",1,2,0.105,0.055,NA,1.882883,1.93578,"two sided","0.052895 < p < 0.059716","0.01 < p < 0.05","Costa_1467_4_1_2"
5,2007,"American Economic Review",97.4,1467,"Costa","5",3,3,0.079,0.032,NA,2.415385,2.52381,"two sided","0.011609 < p < 0.015719","0 < p < 0.01","Costa_1467_5_3_3"
6,2007,"American Economic Review",97.4,1467,"Costa","5",3,4,0.152,0.061,NA,2.463415,2.520661,"two sided","0.011713 < p < 0.013762","0.05 < p < 0.1","Costa_1467_5_3_4"
7,2007,"American Economic Review",97.4,1467,"Costa","6",3,4,0.151,0.061,NA,2.447154,2.504132,"two sided","0.012275 < p < 0.014399","0 < p < 0.01","Costa_1467_6_3_4"
1,2011,"American Economic Review",101.4,1616,"Crump","2",1,2,0.178,0.0977,NA,NA,1.827957,"two sided","0.067556 < p < 0.069392","0.1 < p < 1","Crump_1616_2_1_2"
1,2011,"American Economic Review",101.7,3440,"Curcuru","3",3,2,1.122,0.575,NA,1.94874,1.953873,"two sided","0.050716 < p < 0.051326","0 < p < 0.05","Curcuru_3440_3_3_2"
1,2005,"American Economic Review",95.5,1525,"Dafny","7",2,1,0.998,0.312,NA,3.192,3.205457,"two sided","0.001348 < p < 0.001413","0 < p < 0.001","Dafny_1525_7_2_1"
2,2010,"American Economic Review",100.4,1399,"Dafny","3",4,1,0.013,0.014,NA,0.862069,1,"two sided","0.317311 < p < 0.388650","0.01 < p < 0.05","Dafny_1399_3_4_1"
3,2010,"American Economic Review",100.4,1399,"Dafny","4",4,1,0.013,0.014,NA,0.862069,1,"two sided","0.317311 < p < 0.388650","0.01 < p < 0.05","Dafny_1399_4_4_1"
4,2010,"American Economic Review",100.4,1399,"Dafny","5",1,2,0.021,0.013,NA,1.518519,1.72,"two sided","0.085432 < p < 0.128884","0.01 < p < 0.05","Dafny_1399_5_1_2"
5,2010,"American Economic Review",100.4,1399,"Dafny","7",4,6,-0.207,0.054,NA,3.788991,3.878505,"two sided","0.000105 < p < 0.000151","0.01 < p < 0.05","Dafny_1399_7_4_6"
1,2008,"Quarterly Journal of Economics",123.4,1329,"de Mel","2",4,3,775,643,NA,1.203574,1.207004,"two sided","0.227431 < p < 0.228754","0.05 < p < 0.1","de Mel_1329_2_4_3"
2,2008,"Quarterly Journal of Economics",123.4,1329,"de Mel","3",2,3,5.47,2.08,NA,2.621103,2.638554,"two sided","0.008326 < p < 0.008765","0.01 < p < 0.05","de Mel_1329_3_2_3"
3,2008,"Quarterly Journal of Economics",123.4,1329,"de Mel","3",7,5,8.95,4.53,NA,1.972437,1.979006,"two sided","0.047815 < p < 0.048560","0.05 < p < 0.1","de Mel_1329_3_7_5"
4,2008,"Quarterly Journal of Economics",123.4,1329,"de Mel","5",1,3,5.29,2.15,NA,2.452436,2.468531,"two sided","0.013567 < p < 0.014189","0 < p < 0.01","de Mel_1329_5_1_3"
5,2008,"Quarterly Journal of Economics",123.4,1329,"de Mel","6",3,3,-1.23,0.62,NA,1.96,2.00813,"two sided","0.044629 < p < 0.049996","0.05 < p < 0.1","de Mel_1329_6_3_3"
1,2011,"American Economic Review",101.7,3078,"Dinkelman","10_A",1,4,0.129,0.058,NA,2.196581,2.252174,"two sided","0.024311 < p < 0.028050","0.05 < p < 0.1","Dinkelman_3078_10_A_1_4"
1,2011,"American Economic Review",101.5,2157,"Draca","3_A",2,3,-0.054,0.032,NA,1.646154,1.730159,"two sided","0.083602 < p < 0.099732","0.1 < p < 1","Draca_2157_3_A_2_3"
1,2006,"Quarterly Journal of Economics",121.1,1,"Duggan","4",1,6,92.3,46.4,NA,1.986006,1.992449,"two sided","0.046322 < p < 0.047033","0.05 < p < 0.1","Duggan_1_4_1_6"
2,2010,"American Economic Review",100.1,590,"Duggan","5",2,5,1.027,0.497,NA,2.063317,2.069486,"two sided","0.038500 < p < 0.039083","0.05 < p < 0.1","Duggan_590_5_2_5"
1,2011,"American Economic Review",101.4,1497,"Eckel","8",2,4,-3.084,1.141,NA,2.70127,2.704516,"two sided","0.006840 < p < 0.006908","0.01 < p < 0.05","Eckel_1497_8_2_4"
1,2010,"American Economic Review",100.5,2492,"Eichholtz","4_A",1,5,-3.081,1.564,NA,1.969,1.970899,"two sided","0.048735 < p < 0.048953","0.05 < p < 0.1","Eichholtz_2492_4_A_1_5"
1,2011,"American Economic Review",101.7,3253,"Enikolopov","2_C",1,3,-1.72,0.66,NA,2.578947,2.633588,"two sided","0.008449 < p < 0.009910","0.01 < p < 0.05","Enikolopov_3253_2_C_1_3"
2,2011,"American Economic Review",101.7,3253,"Enikolopov","4",1,4,-2.85,1.71,NA,1.658892,1.674487,"two sided","0.094035 < p < 0.097138","0.1 < p < 1","Enikolopov_3253_4_1_4"
1,2006,"American Economic Review",96.5,1515,"Feinberg","6_2",2,4,0.422,0.203,NA,2.071253,2.08642,"two sided","0.036941 < p < 0.038335","0.05 < p < 0.1","Feinberg_1515_6_2_2_4"
2,2006,"American Economic Review",96.5,1515,"Feinberg","6_2",5,3,-0.1537,0.0669,NA,2.294996,2.299925,"two sided","0.021452 < p < 0.021733","0.05 < p < 0.1","Feinberg_1515_6_2_5_3"
3,2006,"American Economic Review",96.5,1515,"Feinberg","6_2",5,4,-0.155,0.0668,NA,2.311144,2.329588,"two sided","0.019828 < p < 0.020825","0.05 < p < 0.1","Feinberg_1515_6_2_5_4"
1,2005,"Quarterly Journal of Economics",120.1,273,"Fernandez","4",2,4,0.175,0.066,NA,2.62406,2.679389,"two sided","0.007376 < p < 0.008689","0.01 < p < 0.05","Fernandez_273_4_2_4"
2,2005,"Quarterly Journal of Economics",120.1,273,"Fernandez","4",2,6,0.133,0.047,NA,2.789474,2.870968,"two sided","0.004092 < p < 0.005279","0.01 < p < 0.05","Fernandez_273_4_2_6"
3,2005,"Quarterly Journal of Economics",120.1,273,"Fernandez","4",2,7,1.27,0.591,NA,2.146238,2.151566,"two sided","0.031432 < p < 0.031854","0.05 < p < 0.1","Fernandez_273_4_2_7"
4,2005,"Quarterly Journal of Economics",120.1,273,"Fernandez","4_2",2,3,1.39,0.706,NA,1.966737,1.970943,"two sided","0.048730 < p < 0.049213","0.05 < p < 0.1","Fernandez_273_4_2_2_3"
5,2005,"Quarterly Journal of Economics",120.1,273,"Fernandez","4_2",2,6,0.133,0.047,NA,2.789474,2.870968,"two sided","0.004092 < p < 0.005279","0.01 < p < 0.05","Fernandez_273_4_2_2_6"
6,2005,"Quarterly Journal of Economics",120.1,273,"Fernandez","4_2",2,7,1.256,0.599,NA,2.094245,2.099415,"two sided","0.035780 < p < 0.036238","0.05 < p < 0.1","Fernandez_273_4_2_2_7"
7,2005,"Quarterly Journal of Economics",120.1,273,"Fernandez","5",3,2,0.055,0.02,NA,2.658537,2.846154,"two sided","0.004425 < p < 0.007848","0.01 < p < 0.05","Fernandez_273_5_3_2"
8,2005,"Quarterly Journal of Economics",120.1,273,"Fernandez","6",2,1,0.426,0.209,NA,2.031026,2.045564,"two sided","0.040799 < p < 0.042252","0.05 < p < 0.1","Fernandez_273_6_2_1"
9,2005,"Quarterly Journal of Economics",120.1,273,"Fernandez","6",2,2,0.269,0.132,NA,2.026415,2.04943,"two sided","0.040420 < p < 0.042722","0.05 < p < 0.1","Fernandez_273_6_2_2"
10,2005,"Quarterly Journal of Economics",120.1,273,"Fernandez","6",2,6,0.405,0.133,NA,3.029963,3.060377,"two sided","0.002211 < p < 0.002446","0.01 < p < 0.05","Fernandez_273_6_2_6"
11,2005,"Quarterly Journal of Economics",120.1,273,"Fernandez","8",2,6,0.057,0.018,NA,3.054054,3.285714,"two sided","0.001017 < p < 0.002258","0.01 < p < 0.05","Fernandez_273_8_2_6"
1,2011,"American Economic Review",101.4,1274,"Ferraz","10",4,2,0.084,0.029,NA,2.830508,2.964912,"two sided","0.003028 < p < 0.004647","0.01 < p < 0.05","Ferraz_1274_10_4_2"
2,2011,"American Economic Review",101.4,1274,"Ferraz","4",1,8,-0.042,0.012,NA,3.32,3.695652,"two sided","0.000219 < p < 0.000900","0.01 < p < 0.05","Ferraz_1274_4_1_8"
3,2011,"American Economic Review",101.4,1274,"Ferraz","5",1,4,-0.456,0.127,NA,3.572549,3.608696,"two sided","0.000308 < p < 0.000354","0.01 < p < 0.05","Ferraz_1274_5_1_4"
4,2011,"American Economic Review",101.4,1274,"Ferraz","9",2,3,1.528,0.572,NA,2.668122,2.674541,"two sided","0.007483 < p < 0.007628","0.01 < p < 0.05","Ferraz_1274_9_2_3"
5,2011,"American Economic Review",101.4,1274,"Ferraz","9",4,3,-1.107,0.423,NA,2.612751,2.621302,"two sided","0.008759 < p < 0.008982","0.01 < p < 0.05","Ferraz_1274_9_4_3"
1,2007,"Quarterly Journal of Economics",122.4,1561,"Field","4",2,4,12.34,7.48,NA,1.647963,1.651505,"two sided","0.098635 < p < 0.099360","0.1 < p < 1","Field_1561_4_2_4"
1,2006,"American Economic Review",96.4,938,"Finkelstein","4",2,3,-0.033,0.012,NA,2.6,2.913043,"two sided","0.003579 < p < 0.009322","0.01 < p < 0.05","Finkelstein_938_4_2_3"
2,2006,"American Economic Review",96.4,938,"Finkelstein","5_A",1,3,-0.038,0.014,NA,2.586207,2.851852,"two sided","0.004347 < p < 0.009704","0.01 < p < 0.05","Finkelstein_938_5_A_1_3"
1,2010,"American Economic Review",100.3,837,"Fowlie","4",3,5,-0.96,0.46,NA,2.053763,2.120879,"two sided","0.033932 < p < 0.039999","0.05 < p < 1","Fowlie_837_4_3_5"
2,2010,"American Economic Review",100.3,837,"Fowlie","4",3,6,-2.42,0.31,NA,7.666667,7.95082,"two sided","0.000000 < p < 0.000001","0.05 < p < 1","Fowlie_837_4_3_6"
3,2010,"American Economic Review",100.3,837,"Fowlie","4",4,3,-0.28,0.12,NA,2.2,2.478261,"two sided","0.013202 < p < 0.027807","0 < p < 0.01","Fowlie_837_4_4_3"
1,2005,"Journal of Political Economy",113.3,518,"Gertler","4",2,1,NA,NA,2.38,2.375,2.385,"two sided","0.017079 < p < 0.017549","0 < p < 0.01","Gertler_518_4_2_1"
1,2009,"Journal of Political Economy",117.5,941,"Gomes","5_B",1,2,-2.87,1.73,NA,1.651297,1.666667,"two sided","0.095581 < p < 0.098678","0.1 < p < 1","Gomes_941_5_B_1_2"
2,2009,"Journal of Political Economy",117.5,941,"Gomes","7_A",1,2,0.82,0.31,NA,2.587302,2.704918,"two sided","0.006832 < p < 0.009673","0.01 < p < 0.05","Gomes_941_7_A_1_2"
3,2009,"Journal of Political Economy",117.5,941,"Gomes","7_C",1,3,-4.55,1.71,NA,2.650146,2.671554,"two sided","0.007550 < p < 0.008046","0.01 < p < 0.05","Gomes_941_7_C_1_3"
4,2009,"Journal of Political Economy",117.5,941,"Gomes","7_C",1,4,-4.47,1.68,NA,2.649852,2.671642,"two sided","0.007548 < p < 0.008053","0.01 < p < 0.05","Gomes_941_7_C_1_4"
1,2008,"Quarterly Journal of Economics",123.4,1611,"Goolsbee","2",5,1,-0.1,0.049,NA,2.010101,2.072165,"two sided","0.038250 < p < 0.044420","0.05 < p < 0.1","Goolsbee_1611_2_5_1"
2,2008,"Quarterly Journal of Economics",123.4,1611,"Goolsbee","6",5,1,-0.1,0.049,NA,2.010101,2.072165,"two sided","0.038250 < p < 0.044420","0.05 < p < 0.1","Goolsbee_1611_6_5_1"
1,2009,"Journal of Political Economy",117.3,504,"Gorodnichenko","8",1,3,-0.123,0.05,NA,2.425743,2.494949,"two sided","0.012598 < p < 0.015277","0 < p < 0.01","Gorodnichenko_504_8_1_3"
1,2010,"Journal of Political Economy",118.3,536,"Greenstone","10",2,2,0.1053,0.0535,NA,1.965453,1.971001,"two sided","0.048724 < p < 0.049362","0.05 < p < 0.1","Greenstone_536_10_2_2"
1,2010,"American Economic Review",100.1,247,"Harrison","2",4,2,NA,NA,1.99,1.985,1.995,"two sided","0.046043 < p < 0.047144","0.05 < p < 1","Harrison_247_2_4_2"
2,2010,"American Economic Review",100.1,247,"Harrison","3",1,4,NA,NA,3.37,3.365,3.375,"two sided","0.000738 < p < 0.000765","0.01 < p < 0.05","Harrison_247_3_1_4"
3,2010,"American Economic Review",100.1,247,"Harrison","3",1,6,NA,NA,2.86,2.855,2.865,"two sided","0.004170 < p < 0.004304","0.01 < p < 0.05","Harrison_247_3_1_6"
4,2010,"American Economic Review",100.1,247,"Harrison","3",2,2,NA,NA,2.65,2.645,2.655,"two sided","0.007931 < p < 0.008169","0.01 < p < 0.05","Harrison_247_3_2_2"
5,2010,"American Economic Review",100.1,247,"Harrison","3",2,5,NA,NA,2.68,2.675,2.685,"two sided","0.007253 < p < 0.007473","0.01 < p < 0.05","Harrison_247_3_2_5"
6,2010,"American Economic Review",100.1,247,"Harrison","6_B",2,4,NA,NA,3.07,3.065,3.075,"two sided","0.002105 < p < 0.002177","0.01 < p < 0.05","Harrison_247_6_B_2_4"
7,2010,"American Economic Review",100.1,247,"Harrison","7",3,5,NA,NA,1.99,1.985,1.995,"two sided","0.046043 < p < 0.047144","0.05 < p < 1","Harrison_247_7_3_5"
8,2010,"American Economic Review",100.1,247,"Harrison","7",3,6,NA,NA,2.03,2.025,2.035,"two sided","0.041851 < p < 0.042867","0.05 < p < 1","Harrison_247_7_3_6"
9,2010,"American Economic Review",100.1,247,"Harrison","9",2,6,NA,NA,2.62,2.615,2.625,"two sided","0.008665 < p < 0.008923","0.01 < p < 0.05","Harrison_247_9_2_6"
10,2010,"American Economic Review",100.1,247,"Harrison","9",3,1,NA,NA,2.9,2.85,2.95,"two sided","0.003178 < p < 0.004372","0.01 < p < 0.05","Harrison_247_9_3_1"
11,2010,"American Economic Review",100.1,247,"Harrison","9",5,7,NA,NA,2.67,2.665,2.675,"two sided","0.007473 < p < 0.007699","0.01 < p < 0.05","Harrison_247_9_5_7"
12,2010,"American Economic Review",100.1,247,"Harrison","9",5,8,NA,NA,2.61,2.605,2.615,"two sided","0.008923 < p < 0.009187","0.01 < p < 0.05","Harrison_247_9_5_8"
1,2008,"Quarterly Journal of Economics",123.4,1373,"Hastings","4",3,2,0.11,0.041,NA,2.638554,2.728395,"two sided","0.006364 < p < 0.008326","0.01 < p < 0.05","Hastings_1373_4_3_2"
2,2008,"Quarterly Journal of Economics",123.4,1373,"Hastings","6_A",3,2,0.043,0.024,NA,1.734694,1.851064,"two sided","0.064160 < p < 0.082795","0.1 < p < 1","Hastings_1373_6_A_3_2"
3,2008,"Quarterly Journal of Economics",123.4,1373,"Hastings","6_B",1,3,0.073,0.036,NA,1.986301,2.070423,"two sided","0.038413 < p < 0.047000","0.05 < p < 0.1","Hastings_1373_6_B_1_3"
4,2008,"Quarterly Journal of Economics",123.4,1373,"Hastings","7",4,2,0.243,0.122,NA,1.979592,2.004115,"two sided","0.045058 < p < 0.047749","0.05 < p < 0.1","Hastings_1373_7_4_2"
5,2008,"Quarterly Journal of Economics",123.4,1373,"Hastings","7",7,1,0.06,0.022,NA,2.644444,2.813953,"two sided","0.004894 < p < 0.008183","0.01 < p < 0.05","Hastings_1373_7_7_1"
1,2010,"Quarterly Journal of Economics",125.4,1683,"Hong","7",2,1,-0.0019,6e-04,NA,2.846154,3.545455,"two sided","0.000392 < p < 0.004425","0.01 < p < 0.05","Hong_1683_7_2_1"
2,2010,"Quarterly Journal of Economics",125.4,1683,"Hong","8",2,2,0.0902,0.0556,NA,1.619946,1.624662,"two sided","0.104234 < p < 0.105244","0.05 < p < 0.1","Hong_1683_8_2_2"
3,2010,"Quarterly Journal of Economics",125.4,1683,"Hong","9",1,1,0.0106,0.0067,NA,1.562963,1.601504,"two sided","0.109265 < p < 0.118061","0.05 < p < 0.1","Hong_1683_9_1_1"
1,2007,"American Economic Review",97.5,2038,"Hoxby","1",2,5,5.55,3.39,NA,1.633284,1.641064,"two sided","0.100784 < p < 0.102409","0.05 < p < 0.1","Hoxby_2038_1_2_5"
2,2007,"American Economic Review",97.5,2038,"Hoxby","3",3,1,5.86,2.81,NA,2.079929,2.090909,"two sided","0.036536 < p < 0.037532","0.05 < p < 0.1","Hoxby_2038_3_3_1"
1,2011,"American Economic Review",101.2,819,"Huck","3",4,4,NA,NA,3.32,3.315,3.325,"two sided","0.000884 < p < 0.000916","0.01 < p < 0.05","Huck_819_3_4_4"
2,2011,"American Economic Review",101.2,819,"Huck","3",5,2,NA,NA,2.21,2.205,2.215,"two sided","0.026760 < p < 0.027454","0.05 < p < 0.1","Huck_819_3_5_2"
3,2011,"American Economic Review",101.2,819,"Huck","3",5,4,NA,NA,3.04,3.035,3.045,"two sided","0.002327 < p < 0.002405","0.01 < p < 0.05","Huck_819_3_5_4"
4,2011,"American Economic Review",101.2,819,"Huck","3",6,1,NA,NA,4.03,4.025,4.035,"two sided","0.000055 < p < 0.000057","0.01 < p < 0.05","Huck_819_3_6_1"
5,2011,"American Economic Review",101.2,819,"Huck","3",7,2,NA,NA,1.92,1.915,1.925,"two sided","0.054229 < p < 0.055493","0.1 < p < 1","Huck_819_3_7_2"
6,2011,"American Economic Review",101.2,819,"Huck","3",7,4,NA,NA,2.44,2.435,2.445,"two sided","0.014485 < p < 0.014892","0.05 < p < 0.1","Huck_819_3_7_4"
1,2005,"American Economic Review",95.5,1605,"Ivkovic","4",9,2,1.37,0.07,NA,18.2,21.153846,"two sided","0.000000 < p < 0.000001","0.1 < p < 1","Ivkovic_1605_4_9_2"
2,2005,"American Economic Review",95.5,1605,"Ivkovic","5",10,6,-3.87,1.59,NA,2.423197,2.444795,"two sided","0.014493 < p < 0.015385","0 < p < 0.01","Ivkovic_1605_5_10_6"
3,2005,"American Economic Review",95.5,1605,"Ivkovic","6",11,2,1.59,0.65,NA,2.419847,2.472868,"two sided","0.013403 < p < 0.015527","0 < p < 0.01","Ivkovic_1605_6_11_2"
4,2005,"American Economic Review",95.5,1605,"Ivkovic","6",11,3,-1.82,0.72,NA,2.503448,2.552448,"two sided","0.010697 < p < 0.012299","0 < p < 0.01","Ivkovic_1605_6_11_3"
5,2005,"American Economic Review",95.5,1605,"Ivkovic","6",11,5,-1.78,0.92,NA,1.918919,1.95082,"two sided","0.051079 < p < 0.054995","0.01 < p < 0.05","Ivkovic_1605_6_11_5"
6,2005,"American Economic Review",95.5,1605,"Ivkovic","6",11,7,-2.18,0.86,NA,2.514451,2.555556,"two sided","0.010602 < p < 0.011922","0 < p < 0.01","Ivkovic_1605_6_11_7"
7,2005,"American Economic Review",95.5,1605,"Ivkovic","6",12,7,-1.03,0.09,NA,10.789474,12.176471,"two sided","0.000000 < p < 0.000001","0.1 < p < 1","Ivkovic_1605_6_12_7"
8,2005,"American Economic Review",95.5,1605,"Ivkovic","6",9,5,-0.65,0.34,NA,1.869565,1.955224,"two sided","0.050557 < p < 0.061544","0.01 < p < 0.05","Ivkovic_1605_6_9_5"
9,2005,"American Economic Review",95.5,1605,"Ivkovic","7",10,6,0.77,0.33,NA,2.283582,2.384615,"two sided","0.017097 < p < 0.022396","0.05 < p < 0.1","Ivkovic_1605_7_10_6"
1,2008,"Quarterly Journal of Economics",123.4,1465,"Iyigun","3",1,4,-1.46,0.759,NA,1.915734,1.931444,"two sided","0.053428 < p < 0.055399","0 < p < 0.05","Iyigun_1465_3_1_4"
2,2008,"Quarterly Journal of Economics",123.4,1465,"Iyigun","4",2,1,1.04,0.646,NA,1.600928,1.6189,"two sided","0.105469 < p < 0.109393","0.05 < p < 0.1","Iyigun_1465_4_2_1"
1,2006,"Journal of Political Economy",114.3,538,"Jayachandran","4",3,2,-0.095,0.046,NA,2.032258,2.098901,"two sided","0.035826 < p < 0.042128","0.05 < p < 0.1","Jayachandran_538_4_3_2"
2,2006,"Journal of Political Economy",114.3,538,"Jayachandran","6",2,3,0.037,0.028,NA,1.280702,1.363636,"two sided","0.172682 < p < 0.200298","0.01 < p < 0.05","Jayachandran_538_6_2_3"
3,2006,"Journal of Political Economy",114.3,538,"Jayachandran","6",2,4,0.029,0.027,NA,1.036364,1.113208,"two sided","0.265619 < p < 0.300033","0.05 < p < 0.1","Jayachandran_538_6_2_4"
4,2009,"Quarterly Journal of Economics",124.1,349,"Jayachandran","5_A",1,6,-1.354,0.797,NA,1.697179,1.700565,"two sided","0.089025 < p < 0.089663","0.1 < p < 1","Jayachandran_349_5_A_1_6"
5,2009,"Quarterly Journal of Economics",124.1,349,"Jayachandran","5_C",1,1,-0.904,0.458,NA,1.970556,1.977049,"two sided","0.048036 < p < 0.048775","0.05 < p < 0.1","Jayachandran_349_5_C_1_1"
6,2009,"Quarterly Journal of Economics",124.1,349,"Jayachandran","6",1,3,-1.378,0.754,NA,1.825712,1.829463,"two sided","0.067330 < p < 0.067894","0.01 < p < 0.05","Jayachandran_349_6_1_3"
7,2009,"Quarterly Journal of Economics",124.1,349,"Jayachandran","8",1,1,-5.15,2.55,NA,2.013699,2.02554,"two sided","0.042812 < p < 0.044041","0.05 < p < 0.1","Jayachandran_349_8_1_1"
8,2011,"Quarterly Journal of Economics",126.3,1485,"Jayachandran","5",2,1,2.145,0.781,NA,2.744082,2.748879,"two sided","0.005980 < p < 0.006068","0.01 < p < 0.05","Jayachandran_1485_5_2_1"
1,2009,"Journal of Political Economy",117.1,138,"Kirwan","5",2,3,-1.74,1.035,NA,1.679865,1.682455,"two sided","0.092481 < p < 0.092984","0.1 < p < 1","Kirwan_138_5_2_3"
1,2007,"Quarterly Journal of Economics",122.3,1007,"Kremer","6_A",2,2,0.042,0.013,NA,3.074074,3.4,"two sided","0.000674 < p < 0.002112","0.01 < p < 0.05","Kremer_1007_6_A_2_2"
1,2009,"American Economic Review",99.5,1850,"Landeo","6",1,2,-0.097,0.035,NA,2.71831,2.826087,"two sided","0.004712 < p < 0.006562","0.01 < p < 0.05","Landeo_1850_6_1_2"
2,2009,"American Economic Review",99.5,1850,"Landeo","6",4,4,-0.2,0.099,NA,2.005025,2.035533,"two sided","0.041797 < p < 0.044960","0.05 < p < 0.1","Landeo_1850_6_4_4"
3,2009,"American Economic Review",99.5,1850,"Landeo","7",2,1,-0.164,0.121,NA,1.345679,1.365145,"two sided","0.172207 < p < 0.178406","0.05 < p < 0.1","Landeo_1850_7_2_1"
4,2009,"American Economic Review",99.5,1850,"Landeo","7",2,2,0.282,0.141,NA,1.989399,2.010676,"two sided","0.044360 < p < 0.046657","0.05 < p < 0.1","Landeo_1850_7_2_2"
1,2006,"Quarterly Journal of Economics",121.2,747,"Landry","4",18,7,-0.07,0.03,NA,1.857143,3,"two sided","0.002700 < p < 0.063291","0.1 < p < 1","Landry_747_4_18_7"
2,2010,"American Economic Review",100.3,958,"Landry","5",3,3,1.95,1.31,NA,1.479087,1.498084,"two sided","0.134111 < p < 0.139117","0 < p < 0.1","Landry_958_5_3_3"
1,2005,"Quarterly Journal of Economics",120.1,223,"Lerner","3",1,1,-0.19,0.09,NA,1.947368,2.294118,"two sided","0.021784 < p < 0.051491","0 < p < 0.01","Lerner_223_3_1_1"
2,2005,"Quarterly Journal of Economics",120.1,223,"Lerner","3",1,4,-0.13,0.06,NA,1.923077,2.454545,"two sided","0.014106 < p < 0.054470","0 < p < 0.01","Lerner_223_3_1_4"
3,2005,"Quarterly Journal of Economics",120.1,223,"Lerner","4",1,5,0.17,0.08,NA,1.941176,2.333333,"two sided","0.019631 < p < 0.052237","0 < p < 0.01","Lerner_223_4_1_5"
4,2005,"Quarterly Journal of Economics",120.1,223,"Lerner","4",3,2,0.11,0.05,NA,1.909091,2.555556,"two sided","0.010602 < p < 0.056250","0 < p < 0.01","Lerner_223_4_3_2"
5,2005,"Quarterly Journal of Economics",120.1,223,"Lerner","4",3,4,0.11,0.05,NA,1.909091,2.555556,"two sided","0.010602 < p < 0.056250","0 < p < 0.01","Lerner_223_4_3_4"
6,2005,"Quarterly Journal of Economics",120.1,223,"Lerner","4",3,6,-0.16,0.07,NA,2.066667,2.538462,"two sided","0.011134 < p < 0.038766","0 < p < 0.01","Lerner_223_4_3_6"
7,2005,"Quarterly Journal of Economics",120.1,223,"Lerner","5",1,1,0.2,0.09,NA,2.052632,2.411765,"two sided","0.015876 < p < 0.040108","0 < p < 0.01","Lerner_223_5_1_1"
8,2005,"Quarterly Journal of Economics",120.1,223,"Lerner","5",2,5,1.06,0.56,NA,1.867257,1.918919,"two sided","0.054995 < p < 0.061866","0.01 < p < 0.05","Lerner_223_5_2_5"
9,2005,"Quarterly Journal of Economics",120.1,223,"Lerner","5",3,6,-1.01,0.53,NA,1.878505,1.933333,"two sided","0.053195 < p < 0.060312","0.01 < p < 0.05","Lerner_223_5_3_6"
1,2005,"Journal of Political Economy",113.4,840,"Li","5",3,2,-0.114,0.065,NA,1.732824,1.775194,"two sided","0.075866 < p < 0.083127","0.1 < p < 1","Li_840_5_3_2"
2,2005,"Journal of Political Economy",113.4,840,"Li","5",8,5,0.271,0.108,NA,2.493088,2.525581,"two sided","0.011551 < p < 0.012664","0 < p < 0.01","Li_840_5_8_5"
3,2005,"Journal of Political Economy",113.4,840,"Li","7",16,1,0.0014,0.003,NA,0.385714,0.58,"two sided","0.561915 < p < 0.699708","0 < p < 0.01","Li_840_7_16_1"
1,2011,"American Economic Review",101.7,3477,"Lustig","3_D",1,2,0.16,0.05,NA,2.818182,3.666667,"two sided","0.000246 < p < 0.004830","0.01 < p < 0.05","Lustig_3477_3_D_1_2"
2,2011,"American Economic Review",101.7,3477,"Lustig","3_D",2,1,0.08,0.09,NA,0.789474,1,"two sided","0.317311 < p < 0.429835","0.01 < p < 0.05","Lustig_3477_3_D_2_1"
3,2011,"American Economic Review",101.7,3477,"Lustig","5_B",1,4,0.3,0.22,NA,1.311111,1.418605,"two sided","0.156014 < p < 0.189820","0.05 < p < 0.1","Lustig_3477_5_B_1_4"
4,2011,"American Economic Review",101.7,3477,"Lustig","5_B",2,1,1.53,0.95,NA,1.596859,1.624339,"two sided","0.104304 < p < 0.110297","0.05 < p < 0.1","Lustig_3477_5_B_2_1"
5,2011,"American Economic Review",101.7,3477,"Lustig","5_B",2,3,0.55,0.14,NA,3.758621,4.111111,"two sided","0.000039 < p < 0.000171","0.01 < p < 0.05","Lustig_3477_5_B_2_3"
6,2011,"American Economic Review",101.7,3477,"Lustig","5_B",3,4,0.27,0.18,NA,1.432432,1.571429,"two sided","0.116083 < p < 0.152020","0.05 < p < 0.1","Lustig_3477_5_B_3_4"
7,2011,"American Economic Review",101.7,3477,"Lustig","5_C",2,3,0.29,0.12,NA,2.28,2.565217,"two sided","0.010311 < p < 0.022608","0 < p < 0.01","Lustig_3477_5_C_2_3"
1,2011,"Quarterly Journal of Economics",126.4,1879,"Marzilli","1",1,4,0.402,0.154,NA,2.598706,2.62215,"two sided","0.008738 < p < 0.009358","0.01 < p < 0.05","Marzilli_1879_1_1_4"
1,2008,"American Economic Review",98.4,1370,"Nicholas","4_A",1,5,0.1035,0.04,NA,2.583021,2.59199,"two sided","0.009542 < p < 0.009794","0.01 < p < 0.05","Nicholas_1370_4_A_1_5"
2,2008,"American Economic Review",98.4,1370,"Nicholas","4_B",1,2,0.0433,0.026,NA,1.660269,1.67052,"two sided","0.094816 < p < 0.096860","0.1 < p < 1","Nicholas_1370_4_B_1_2"
3,2008,"American Economic Review",98.4,1370,"Nicholas","5_B",10,5,0.00422,0.00149,NA,2.819398,2.845118,"two sided","0.004439 < p < 0.004811","0.01 < p < 0.05","Nicholas_1370_5_B_10_5"
4,2008,"American Economic Review",98.4,1370,"Nicholas","5_B",9,5,0.0046,0.00274,NA,1.657559,1.700183,"two sided","0.089097 < p < 0.097406","0.1 < p < 1","Nicholas_1370_5_B_9_5"
5,2008,"American Economic Review",98.4,1370,"Nicholas","A_1",1,1,0.1035,0.04,NA,2.583021,2.59199,"two sided","0.009542 < p < 0.009794","0.01 < p < 0.05","Nicholas_1370_A_1_1_1"
6,2008,"American Economic Review",98.4,1370,"Nicholas","A_1",1,2,0.1035,0.04,NA,2.583021,2.59199,"two sided","0.009542 < p < 0.009794","0.01 < p < 0.05","Nicholas_1370_A_1_1_2"
1,2008,"Quarterly Journal of Economics",123.1,139,"Nunn","A_5",4,1,-0.099,0.036,NA,2.69863,2.802817,"two sided","0.005066 < p < 0.006963","0.01 < p < 0.05","Nunn_139_A_5_4_1"
1,2005,"American Economic Review",95.4,1144,"Peek","5",8,1,-0.0095,0.0034,NA,2.73913,2.850746,"two sided","0.004362 < p < 0.006160","0.01 < p < 0.05","Peek_1144_5_8_1"
2,2005,"American Economic Review",95.4,1144,"Peek","6",7,3,0.0454,0.0221,NA,2.047404,2.061224,"two sided","0.039282 < p < 0.040618","0 < p < 0.01","Peek_1144_6_7_3"
3,2005,"American Economic Review",95.4,1144,"Peek","7",33,2,0.1273,0.0487,NA,2.610256,2.617677,"two sided","0.008853 < p < 0.009047","0.01 < p < 0.05","Peek_1144_7_33_2"
4,2005,"American Economic Review",95.4,1144,"Peek","8",9,4,8e-04,6e-04,NA,1.153846,1.545455,"two sided","0.122236 < p < 0.248563","0 < p < 0.01","Peek_1144_8_9_4"
1,2006,"Journal of Political Economy",114.4,744,"Pop-Eleches","5",4,4,-0.02197,0.01351,NA,1.625231,1.627175,"two sided","0.103700 < p < 0.104113","0.05 < p < 0.1","Pop-Eleches_744_5_4_4"
1,2010,"Quarterly Journal of Economics",125.4,1859,"Price","4",1,1,0.197,0.061,NA,3.195122,3.264463,"two sided","0.001097 < p < 0.001398","0.01 < p < 0.05","Price_1859_4_1_1"
2,2010,"Quarterly Journal of Economics",125.4,1859,"Price","4",1,2,0.203,0.072,NA,2.793103,2.846154,"two sided","0.004425 < p < 0.005220","0.01 < p < 0.05","Price_1859_4_1_2"
1,2010,"Journal of Political Economy",118.2,222,"Propper","7_C",1,2,1.517,0.751,NA,2.017964,2.021985,"two sided","0.043178 < p < 0.043595","0.05 < p < 0.1","Propper_222_7_C_1_2"
2,2010,"Journal of Political Economy",118.2,222,"Propper","8",11,1,0.743,0.333,NA,2.226387,2.23609,"two sided","0.025346 < p < 0.025988","0.05 < p < 0.1","Propper_222_8_11_1"
3,2010,"Journal of Political Economy",118.2,222,"Propper","8",11,2,1.472,0.463,NA,3.174757,3.183784,"two sided","0.001454 < p < 0.001500","0.05 < p < 0.1","Propper_222_8_11_2"
4,2010,"Journal of Political Economy",118.2,222,"Propper","8",11,3,0.755,0.412,NA,1.829091,1.835966,"two sided","0.066363 < p < 0.067386","0.1 < p < 1","Propper_222_8_11_3"
5,2010,"Journal of Political Economy",118.2,222,"Propper","8",14,2,1.456,0.72,NA,2.020125,2.024322,"two sided","0.042937 < p < 0.043370","0.05 < p < 0.1","Propper_222_8_14_2"
1,2008,"Quarterly Journal of Economics",123.4,1577,"Qian","3",1,4,2.73,1.02,NA,2.658537,2.694581,"two sided","0.007048 < p < 0.007848","0.01 < p < 0.05","Qian_1577_3_1_4"
2,2008,"Quarterly Journal of Economics",123.4,1577,"Qian","3",2,3,2.63,1.62,NA,1.615385,1.631579,"two sided","0.102768 < p < 0.106227","0.05 < p < 0.1","Qian_1577_3_2_3"
1,2010,"Quarterly Journal of Economics",125.1,363,"Riboni","1_A",5,5,0.237,0.143,NA,1.648084,1.666667,"two sided","0.095581 < p < 0.099336","0.1 < p < 1","Riboni_363_1_A_5_5"
2,2010,"Quarterly Journal of Economics",125.1,363,"Riboni","3_A",6,5,0.422,0.152,NA,2.763934,2.788779,"two sided","0.005291 < p < 0.005711","0.1 < p < 1","Riboni_363_3_A_6_5"
3,2010,"Quarterly Journal of Economics",125.1,363,"Riboni","4_A",8,3,0.936,0.137,NA,6.803636,6.860806,"two sided","0.000000 < p < 0.000001","0.1 < p < 1","Riboni_363_4_A_8_3"
1,2010,"Quarterly Journal of Economics",125.3,1253,"Saiz","3",1,3,0.305,0.146,NA,2.078498,2.099656,"two sided","0.035759 < p < 0.037663","0 < p < 0.01","Saiz_1253_3_1_3"
2,2010,"Quarterly Journal of Economics",125.3,1253,"Saiz","3",2,4,0.511,0.214,NA,2.379953,2.395785,"two sided","0.016585 < p < 0.017315","0 < p < 0.01","Saiz_1253_3_2_4"
3,2010,"Quarterly Journal of Economics",125.3,1253,"Saiz","5",3,1,0.109,0.078,NA,1.382166,1.412903,"two sided","0.157684 < p < 0.166921","0.05 < p < 0.1","Saiz_1253_5_3_1"
1,2005,"American Economic Review",95.4,1310,"Urquiola","4",1,1,-6.1,1.3,NA,4.481481,4.92,"two sided","0.000001 < p < 0.000007","0.01 < p < 0.05","Urquiola_1310_4_1_1"
2,2009,"American Economic Review",99.1,179,"Urquiola","6_A",2,3,2.7,1.5,NA,1.709677,1.896552,"two sided","0.057887 < p < 0.087326","0.1 < p < 1","Urquiola_179_6_A_2_3"
1,2011,"American Economic Review",101.4,1238,"Bagwell","5_C_2",15,5,-0.4908,0.235,NA,2.083864,2.093177,"two sided","0.036333 < p < 0.037173","0.1 < p < 1","Bagwell_1238_5_C_2_15_5"
2,2011,"American Economic Review",101.4,1238,"Bagwell","5_C_2",6,2,0.1408,0.1045,NA,1.346246,1.348492,"two sided","0.177500 < p < 0.178223","0 < p < 0.01","Bagwell_1238_5_C_2_6_2"
3,2011,"American Economic Review",101.4,1238,"Bagwell","5_C_2",9,6,-0.1715,0.0631,NA,2.714964,2.720856,"two sided","0.006511 < p < 0.006628","0.01 < p < 0.05","Bagwell_1238_5_C_2_9_6"
4,2011,"American Economic Review",101.4,1238,"Bagwell","6_1",7,7,0.9875,0.3683,NA,2.680738,2.681738,"two sided","0.007324 < p < 0.007346","0.01 < p < 0.05","Bagwell_1238_6_1_7_7"
5,2011,"American Economic Review",101.4,1238,"Bagwell","6_1",8,6,-0.1385,0.0495,NA,2.794147,2.80182,"two sided","0.005082 < p < 0.005204","0.01 < p < 0.05","Bagwell_1238_6_1_8_6"
1,2007,"Quarterly Journal of Economics",122.2,729,"Bandiera","3",1,4,0.194,0.082,NA,2.345455,2.386503,"two sided","0.017009 < p < 0.019004","0 < p < 0.01","Bandiera_729_3_1_4"
2,2007,"Quarterly Journal of Economics",122.2,729,"Bandiera","3",1,5,0.195,0.095,NA,2.036649,2.068783,"two sided","0.038566 < p < 0.041685","0 < p < 0.01","Bandiera_729_3_1_5"
4,2009,"Journal of Political Economy",117.3,453,"Bobonis","6",9,2,0.458,0.217,NA,2.103448,2.117783,"two sided","0.034193 < p < 0.035427","0.05 < p < 0.1","Bobonis_453_6_9_2"
5,2009,"Journal of Political Economy",117.3,453,"Bobonis","B_2_A",8,2,0.004,0.005,NA,0.636364,1,"two sided","0.317311 < p < 0.524539","0 < p < 0.05","Bobonis_453_B_2_A_8_2"
6,2009,"Journal of Political Economy",117.3,453,"Bobonis","B_3_A",8,1,0.481,0.212,NA,2.261176,2.276596,"two sided","0.022810 < p < 0.023748","0.05 < p < 0.1","Bobonis_453_B_3_A_8_1"
7,2009,"Journal of Political Economy",117.3,453,"Bobonis","B_3_B",8,1,0.51,0.224,NA,2.269488,2.284116,"two sided","0.022365 < p < 0.023239","0.05 < p < 0.1","Bobonis_453_B_3_B_8_1"
1,2011,"Quarterly Journal of Economics",126.4,2063,"Deming","4",5,6,-0.232,0.087,NA,2.645714,2.687861,"two sided","0.007191 < p < 0.008152","0.01 < p < 0.05","Deming_2063_4_5_6"
2,2011,"Quarterly Journal of Economics",126.4,2063,"Deming","4",8,6,-23.1,11.7,NA,1.961702,1.987124,"two sided","0.046909 < p < 0.049797","0.05 < p < 0.1","Deming_2063_4_8_6"
3,2011,"Quarterly Journal of Economics",126.4,2063,"Deming","5",1,4,-0.104,0.062,NA,1.656,1.699187,"two sided","0.089284 < p < 0.097722","0.1 < p < 1","Deming_2063_5_1_4"
1,2006,"Journal of Political Economy",114.5,931,"Edlin","3",2,6,1.05e-09,6.49e-10,NA,1.60893,1.626831,"two sided","0.103773 < p < 0.107632","0.05 < p < 0.1","Edlin_931_3_2_6"
2,2009,"American Economic Review",99.3,804,"Jaimovich","5",4,3,3.299,1.678,NA,1.965147,1.966915,"two sided","0.049193 < p < 0.049397","0.05 < p < 0.1","Jaimovich_804_5_4_3"
4,2009,"Quarterly Journal of Economics",124.3,1057,"Jensen","6_C",2,3,0.0089,0.006,NA,1.361538,1.627273,"two sided","0.103679 < p < 0.173344","0.05 < p < 0.1","Jensen_1057_6_C_2_3"
2,2007,"Journal of Political Economy",115.4,548,"Lach","8",2,6,-3e-04,0.0013,NA,0.218519,0.244,"two sided","0.807231 < p < 0.827025","0.01 < p < 0.05","Lach_548_8_2_6"
2,2010,"American Economic Review",100.3,1080,"Leth-Petersen","A_2",3,3,0.0047,0.0019,NA,2.384615,2.567568,"two sided","0.010241 < p < 0.017097","0.05 < p < 1","Leth-Petersen_1080_A_2_3_3"
1,2007,"Quarterly Journal of Economics",122.1,119,"Sacerdote","7",12,2,-0.199,0.103,NA,1.917874,1.946341,"two sided","0.051614 < p < 0.055127","0.01 < p < 0.05","Sacerdote_119_7_12_2"
1,2009,"American Economic Review",99.1,529,"Spilimbergo","1_A",3,8,0.219,0.089,NA,2.441341,2.480226,"two sided","0.013130 < p < 0.014633","0 < p < 0.01","Spilimbergo_529_1_A_3_8"
2,2009,"American Economic Review",99.1,529,"Spilimbergo","1_A",4,3,28.908,11.876,NA,2.434008,2.434298,"two sided","0.014921 < p < 0.014933","0 < p < 0.01","Spilimbergo_529_1_A_4_3"
3,2009,"American Economic Review",99.1,529,"Spilimbergo","1_A",4,6,20.657,12.877,NA,1.604077,1.604279,"two sided","0.108653 < p < 0.108697","0.05 < p < 0.1","Spilimbergo_529_1_A_4_6"
4,2009,"American Economic Review",99.1,529,"Spilimbergo","1_B",2,2,0.071,0.04,NA,1.566667,2.042857,"two sided","0.041067 < p < 0.117193","0 < p < 0.01","Spilimbergo_529_1_B_2_2"
5,2009,"American Economic Review",99.1,529,"Spilimbergo","1_B",5,3,0.209,0.077,NA,2.690323,2.738562,"two sided","0.006171 < p < 0.007138","0.05 < p < 0.1","Spilimbergo_529_1_B_5_3"
6,2009,"American Economic Review",99.1,529,"Spilimbergo","1_B",6,4,-48.623,29.337,NA,1.65735,1.65744,"two sided","0.097430 < p < 0.097449","0 < p < 0.01","Spilimbergo_529_1_B_6_4"
7,2009,"American Economic Review",99.1,529,"Spilimbergo","1_B",8,5,0.652,0.139,NA,4.670251,4.711191,"two sided","0.000002 < p < 0.000003","0.05 < p < 0.1","Spilimbergo_529_1_B_8_5"
8,2009,"American Economic Review",99.1,529,"Spilimbergo","1_B",8,6,0.522,0.162,NA,3.209231,3.235294,"two sided","0.001215 < p < 0.001331","0.05 < p < 0.1","Spilimbergo_529_1_B_8_6"
9,2009,"American Economic Review",99.1,529,"Spilimbergo","2",1,1,0.469,0.051,NA,9.097087,9.29703,"two sided","0.000000 < p < 0.000001","0.05 < p < 0.1","Spilimbergo_529_2_1_1"
10,2009,"American Economic Review",99.1,529,"Spilimbergo","2",2,1,30.438,6.039,NA,5.039738,5.040739,"two sided","0.000000 < p < 0.000001","0.05 < p < 0.1","Spilimbergo_529_2_2_1"
